is_fraud,prediction_prob
0,0.0
0,0.0
0,0.25338093530483186
0,0.0
0,0.0
0,0.0
0,0.0
0,0.0
0,0.0
0,0.0
0,0.0
0,0.0
0,0.0
0,0.0
0,0.0
0,0.0
0,0.0
0,0.01573552249172007
0,0.0
0,0.0
0,0.0
0,0.0
0,0.0
0,0.006094801578092366
0,0.0
0,0.0
0,0.0
0,0.0069889516239915175
0,0.005331240528252872
0,0.0
0,0.0
0,0.0
0,0.0
0,0.0
0,0.0
0,0.0
0,0.20406888797947112
0,0.0
0,0.0
0,0.0
0,0.015300224169716598
0,0.0
0,0.0
0,0.0
0,0.0
0,0.007663527493862369
0,0.0
0,0.0
0,0.0
0,0.0
0,0.0
0,0.035424860952884635
0,0.0
0,0.0
0,0.0
0,0.0
0,0.13624067666627873
0,0.0
0,0.0
0,0.0
0,0.0063278600528609875
0,0.0
0,0.0
0,0.0
0,0.008064516129032258
0,0.0
0,0.0
0,0.0
0,0.0
0,0.0
0,0.0
0,0.006634988273239828
0,0.0
0,0.0
0,0.0
0,0.0
0,0.17746536439972055
0,0.00950380636301879
0,0.0
0,0.004005935283881364
0,0.0
0,0.0
0,0.0
0,0.0
0,0.0
0,0.0
0,0.0
0,0.0
0,0.0
0,0.10111154656624657
0,0.0
0,0.0
0,0.0
0,0.0
0,0.0
0,0.0
0,0.0
0,0.0
0,0.0
0,0.0
0,0.027588009307847203
0,0.0
0,0.0
0,0.0
0,0.0
0,0.0
0,0.0
0,0.0
0,0.02970173281715528
0,0.11873550733958219
0,0.0
0,0.0
0,0.0
0,0.0023363377609108204
0,0.0
0,0.05913934505787747
0,0.0
0,0.0
0,0.0
0,0.0
0,0.0
0,0.0
0,0.0
0,0.0
0,0.0
0,0.010191348073983442
0,0.0
0,0.0
0,0.0
0,0.0
0,0.0
0,0.0
0,0.0
0,0.0
0,0.0
0,0.0
0,0.0
0,0.0
0,0.0
0,0.1575595622013907
0,0.0
0,0.0
0,0.0
0,0.0
0,0.013135231843578855
0,0.008064516129032258
0,0.0
0,0.0
0,0.0
0,0.0
0,0.0
0,0.0
0,0.0
0,0.2336688035010156
0,0.10173442876591263
0,0.0
0,0.0
0,0.0
1,0.5002476997172633
0,0.007280241357961948
0,0.0
0,0.0
0,0.0
0,0.0
0,0.0
0,0.0
0,0.0
0,0.23748390425086488
0,0.0
0,0.5545294003133271
0,0.0
0,0.0
0,0.05236421662766672
0,0.0
0,0.14893047371795703
0,0.0
0,0.0
0,0.0
0,0.0
0,0.03783728581580421
0,0.0036144951405312057
0,0.14810880238360213
0,0.0
0,0.0
0,0.0
0,0.30466693108477505
0,0.16529431159373104
0,0.0
0,0.0
0,0.0
0,0.0
0,0.0
0,0.0
0,0.0
0,0.0
0,0.0
0,0.0
0,0.0
0,0.0
0,0.0
0,0.0
0,0.0
0,0.003275592548091917
0,0.0
0,0.0473494950111177
0,0.0
0,0.0
0,0.0
0,0.0
0,0.0
0,0.0
0,0.2740713205645161
0,0.03157635814182304
0,0.0
1,0.6975123514502645
0,0.0
0,0.0
0,0.0
0,0.0
0,0.008064516129032258
0,0.18849073114541604
0,0.007823710198751782
0,0.0
0,0.0
0,0.0033376253727297423
1,0.989127183037496
0,0.0
0,0.0
0,0.038884320091315094
0,0.0
0,0.0
0,0.0
0,0.0
0,0.0
0,0.5059501475656495
0,0.05632938508064516
0,0.0
0,0.0
0,0.1752947484062738
0,0.0
0,0.0
0,0.0
0,0.0
0,0.0
0,0.0
0,0.0
0,0.06178815979770921
0,0.0
0,0.0
0,0.0
0,0.0
0,0.0
0,0.0
1,0.25728024135796196
0,0.0
0,0.0
0,0.0
0,0.0
0,0.006720074717251498
0,0.0
0,0.0
0,0.0
0,0.03225806451612903
0,0.0
0,0.0
0,0.0
0,0.10653155494899647
0,0.0
0,0.0
0,0.0
0,0.0
0,0.0
0,0.0
0,0.0
0,0.0
0,0.0
0,0.006942654532717385
0,0.0
0,0.0
0,0.0
0,0.0
0,0.0
0,0.0
0,0.0
0,0.0
0,0.1319394217555203
0,0.0
0,0.0
0,0.0
0,0.0
0,0.0
0,0.16853130237942043
0,0.0
0,0.0
0,0.0
0,0.0
0,0.0
0,0.1614754524254406
0,0.09199393549170928
0,0.0
0,0.0
0,0.0
0,0.0
0,0.005088662044377849
0,0.0
0,0.007942288306451613
0,0.0
0,0.0
0,0.0
0,0.0
0,0.009152908045129193
0,0.0
0,0.2618957085124975
0,0.0
0,0.0
0,0.0
0,0.0
0,0.0
0,0.0
0,0.0
0,0.0
0,0.0
0,0.0
0,0.0
0,0.0
0,0.033056068805609407
0,0.0
0,0.0
0,0.12813948614517356
0,0.0
0,0.012191385103724988
0,0.0
0,0.0
0,0.016129032258064516
0,0.0
0,0.009562209121879937
0,0.0
0,0.0
0,0.2254143245156189
0,0.005348342293906814
0,0.0
0,0.0
0,0.0
0,0.0
0,0.0
0,0.007596868205244407
0,0.0
0,0.0
0,0.0
0,0.0
0,0.006691471125712888
0,0.0
0,0.0
1,0.9331132161160391
0,0.0059225919209193525
0,0.0
0,0.0
0,0.0
0,0.0
0,0.0
0,0.0
0,0.0
0,0.0
0,0.0
0,0.13430163221304872
0,0.0
0,0.0
0,0.0
0,0.0
0,0.0
0,0.0
0,0.0
0,0.0
0,0.0
0,0.0
0,0.015773136869294668
0,0.0
1,0.43901419776878664
0,0.0
0,0.0
0,0.0
0,0.0
0,0.005189448204317541
0,0.0
0,0.0
0,0.0
0,0.0
0,0.0
0,0.0
0,0.0
0,0.0
1,0.8846298829495934
0,0.02463164386542012
0,0.0
0,0.0
0,0.0
0,0.004898395023734254
0,0.0
0,0.0
0,0.16104199611437792
0,0.0
0,0.0
0,0.0
0,0.0
0,0.0
0,0.0
0,0.0
1,0.6339167690585383
0,0.0
0,0.0
0,0.4065458928113288
0,0.23753893157044276
0,0.0
0,0.0
0,0.0
0,0.0
0,0.009025263998426982
0,0.052668084513388544
0,0.0
0,0.0
0,0.006166522523509686
0,0.0
0,0.0
0,0.0
0,0.00698895162399152
0,0.1950508610480914
0,0.04541267532404978
0,0.12183036692864968
0,0.10876382614810295
0,0.0
0,0.0
0,0.14312992701622917
0,0.008064516129032258
0,0.0
0,0.0
0,0.0
0,0.0
0,0.0
0,0.0
0,0.0
0,0.0
0,0.0
0,0.0
0,0.0
0,0.0
0,0.0
0,0.015552825669587699
0,0.006593247961773181
0,0.0
0,0.0710676783828638
0,0.0
0,0.0
0,0.0
0,0.0
0,0.0
0,0.0
0,0.0
0,0.14867578582500676
0,0.0
0,0.0
0,0.0
0,0.0
0,0.0
0,0.0
0,0.0
0,0.013894133031648104
0,0.0
0,0.0
0,0.0
0,0.0
0,0.0
0,0.0
0,0.0
0,0.0033376253727297423
0,0.0
0,0.0
0,0.0
0,0.0
0,0.0
0,0.06451612903225806
0,0.0
0,0.0
0,0.0
0,0.0
0,0.024639914826993046
0,0.0
0,0.0
0,0.08764995923115983
0,0.0
0,0.0
0,0.0
0,0.0
0,0.007083423238752832
0,0.0
0,0.0
0,0.0
0,0.0
0,0.0
0,0.0
0,0.05062958324479994
0,0.003275592548091917
0,0.0
0,0.0
0,0.0
0,0.0
0,0.0
0,0.0
0,0.0
0,0.07569678710352587
0,0.0
0,0.0
0,0.0
0,0.0
0,0.0
0,0.0
0,0.0
0,0.0
0,0.0
0,0.0
0,0.0
0,0.008373579652440422
0,0.0
0,0.0
0,0.0059225919209193525
0,0.0
0,0.1430162514820657
0,0.0
0,0.0
0,0.016008064516129034
0,0.0
0,0.021709628601751487
0,0.0
0,0.01837358326735354
0,0.0
0,0.0
0,0.0
0,0.004282236327275894
0,0.0
0,0.0
0,0.0
0,0.0
0,0.0
0,0.0
0,0.0
0,0.0
0,0.0
0,0.006166522523509685
0,0.0
0,0.0
0,0.0
0,0.0
0,0.0
0,0.0
0,0.0
0,0.006166522523509686
0,0.0
0,0.07892445054925225
0,0.0
0,0.0
0,0.0
0,0.012324645768932382
0,0.0
0,0.0
0,0.0
0,0.0
0,0.0
0,0.0
0,0.0
0,0.0
0,0.00728024135796195
0,0.0036144951405312057
0,0.015765998505203396
0,0.0
0,0.0
0,0.5204020825822988
0,0.07812823310565296
0,0.0
0,0.0
0,0.0
0,0.0
0,0.0
0,0.005403491565992383
0,0.004005935283881364
0,0.0
0,0.0
0,0.0
0,0.0
0,0.014111742244620239
0,0.0
0,0.0420145724285276
0,0.0
0,0.0
0,0.0
0,0.0
0,0.009152908045129193
0,0.0
0,0.0
0,0.16475219531751487
0,0.14201193047819052
0,0.0
0,0.052578481078164103
0,0.0
0,0.0
0,0.0
0,0.0
0,0.0
0,0.0
0,0.0
0,0.0
0,0.0
1,0.6421144692060321
0,0.0
0,0.01182443647755737
0,0.0
0,0.15566220092700328
0,0.0
0,0.0
0,0.0
0,0.0
0,0.0
0,0.0
0,0.0
0,0.0
0,0.09974051426815699
0,0.0
0,0.03151307639255606
0,0.015424365800187911
0,0.0
0,0.0
0,0.0
0,0.0
0,0.0
0,0.0
0,0.0
0,0.0
0,0.0
0,0.0
0,0.0
0,0.09378637932552361
0,0.0
0,0.3187704827371065
0,0.0
0,0.0
0,0.0
0,0.0
0,0.0
0,0.0
0,0.0
0,0.0
0,0.0
0,0.0
0,0.0
0,0.0
0,0.23698228516894906
0,0.0
0,0.0
0,0.0
0,0.0
0,0.0
0,0.0
0,0.0
0,0.0
0,0.0
0,0.0
0,0.0
0,0.0
0,0.12484188091999755
0,0.0
0,0.0
0,0.0
0,0.0
0,0.0
0,0.0
0,0.0
0,0.0
0,0.0
0,0.0
0,0.0
0,0.003275592548091917
0,0.0
0,0.0
0,0.0
0,0.2573289247330548
0,0.0
0,0.0
0,0.0
0,0.0
0,0.0
0,0.0
0,0.0
0,0.0
0,0.0
0,0.0
0,0.0
0,0.0
0,0.0
0,0.0
0,0.007814646993391357
0,0.005934774176356703
0,0.0
0,0.0
0,0.0
0,0.0
0,0.0
0,0.0
0,0.0
0,0.0
0,0.2160711780796367
0,0.0
0,0.0
0,0.0063278600528609875
0,0.0
0,0.09982626849977976
0,0.012495273430285558
0,0.0
0,0.0
0,0.0
0,0.0
0,0.0
0,0.0077849670963789554
0,0.06043673470466914
0,0.0
0,0.0
0,0.03176137243430866
0,0.0
0,0.0
0,0.18509555588530152
0,0.0
0,0.0
0,0.0
0,0.0
0,0.0
0,0.0
0,0.0
0,0.0
0,0.06418139081189272
0,0.24922211591600044
0,0.0
0,0.0
0,0.0
0,0.0
0,0.0
0,0.0
0,0.0
0,0.0835681366856427
0,0.0
0,0.0
0,0.0
0,0.00412686897469273
0,0.0
0,0.0
0,0.0043676443685590595
0,0.0
0,0.0
0,0.0
0,0.0
0,0.0
0,0.01911573107291709
0,0.0
1,0.5737361973162237
0,0.0
0,0.0
0,0.0
0,0.0
0,0.0
0,0.0
0,0.0
0,0.0
0,0.0
0,0.030107129653392017
0,0.0
0,0.0
0,0.0
0,0.03792880017331574
0,0.0
0,0.0
0,0.0
0,0.0
0,0.0
0,0.0
0,0.0
0,0.0
0,0.011406585200702103
0,0.0
0,0.009152908045129193
0,0.0
0,0.0
0,0.004282236327275894
0,0.013552897618131254
0,0.0
0,0.0
0,0.0
0,0.0
0,0.0
0,0.0
0,0.0
0,0.0
0,0.009152908045129193
0,0.0
0,0.004898395023734254
0,0.0
0,0.0
0,0.03704817836980232
0,0.0
0,0.0
0,0.0
0,0.0
0,0.0
0,0.0
0,0.010867561415024516
0,0.0
0,0.0
0,0.015193736410488812
0,0.0
0,0.0
0,0.0
0,0.10550160522545368
0,0.0
0,0.0
0,0.0
0,0.0
0,0.16268842889951238
0,0.0
0,0.0
0,0.006634988273239828
0,0.0
0,0.0
0,0.0
0,0.01943243129155601
0,0.0
0,0.0
0,0.0
0,0.0
0,0.0
0,0.0
1,0.5483870967741935
0,0.0
0,0.0
0,0.0
0,0.011948223590332978
0,0.14991566610800328
0,0.0
0,0.0
0,0.0
0,0.0
0,0.0
0,0.08567703982835224
0,0.054271569626506956
0,0.0
0,0.17400645449928445
0,0.0
0,0.0
0,0.0
0,0.0
0,0.0
0,0.0
0,0.09641846492379234
0,0.0
0,0.0
0,0.0
0,0.0
0,0.0
0,0.0
0,0.0
0,0.0
0,0.0
0,0.0
0,0.045705646223542964
0,0.0
0,0.0
0,0.0
0,0.0
0,0.0
0,0.01274729249201727
0,0.0
0,0.0
0,0.05660746525855959
0,0.0
0,0.0
0,0.09284771915305774
0,0.03440503682377332
0,0.0
0,0.0
0,0.0
0,0.08300853944810271
0,0.0
0,0.009562209121879937
0,0.0
0,0.045046514724786664
0,0.0
0,0.13304834740185892
0,0.0
0,0.0
0,0.0
0,0.0
0,0.0035897348277747435
0,0.0
0,0.0
0,0.0
0,0.0
0,0.0
0,0.0
0,0.0
0,0.0
0,0.0
0,0.0
0,0.0
0,0.0
0,0.0
0,0.0
0,0.0
0,0.014711836955054668
0,0.0
0,0.0
0,0.0
0,0.0
0,0.0
0,0.006593247961773181
0,0.0
0,0.0
0,0.014207308431453469
0,0.0
0,0.0
0,0.08412349601539447
0,0.0
0,0.08835378203058498
0,0.0
0,0.0
0,0.0
0,0.0
0,0.0
0,0.0
0,0.07066414050187143
0,0.0
0,0.0
0,0.0
0,0.0
0,0.004005935283881364
0,0.0
0,0.0
0,0.0
0,0.0
0,0.013885918402999704
0,0.0
0,0.0
0,0.02155038971727455
0,0.0
0,0.0
0,0.0
0,0.0
0,0.0
0,0.0
0,0.007708620740262409
0,0.07667423731784499
0,0.0
0,0.0
0,0.0
0,0.0
0,0.0
0,0.03878653815549488
0,0.0
0,0.0
0,0.0
0,0.0
0,0.0
0,0.0
0,0.0
0,0.0
0,0.0
0,0.0
0,0.0
0,0.0
0,0.0
0,0.0
0,0.0
0,0.0
0,0.0
0,0.0
0,0.01681643553899156
0,0.0
0,0.008064516129032258
0,0.0
0,0.0054597900280655585
0,0.0
0,0.26225464220254263
0,0.11347723129116623
0,0.0
0,0.0
0,0.0
0,0.0
0,0.0
0,0.0
0,0.0
0,0.007596868205244407
0,0.0
0,0.0
0,0.0
0,0.0
0,0.0
0,0.0
0,0.0
0,0.0
0,0.21666005603363833
0,0.0
0,0.0
0,0.0
0,0.0
0,0.0
0,0.015947069461014943
0,0.0
0,0.0
0,0.020259465773694887
0,0.0
0,0.0
0,0.0
0,0.05613697672378176
0,0.0
0,0.0
0,0.0
0,0.0
0,0.0
0,0.0
0,0.013041423358185455
0,0.0
0,0.0
0,0.0
0,0.0
0,0.0
0,0.0
0,0.0
0,0.038239038340223665
0,0.0
0,0.0
0,0.0
0,0.0
0,0.0
0,0.015334517587844704
0,0.0
0,0.0
0,0.0
0,0.0054597900280655585
0,0.16405969055131595
0,0.0
0,0.0
0,0.0
0,0.0
0,0.0
1,0.29645239041008903
0,0.2586152048700496
0,0.006585325087748622
0,0.0
0,0.0
0,0.0
0,0.0
0,0.0
0,0.0
0,0.0
0,0.155761447207557
0,0.0
0,0.016965835242091682
0,0.13160774733009872
0,0.0
0,0.0
0,0.024193548387096774
0,0.0
0,0.0
0,0.0
0,0.0
0,0.03726299258286091
0,0.0
0,0.0
0,0.2839322451553147
0,0.005146972761247829
0,0.0
0,0.0
0,0.0
0,0.0
0,0.0
0,0.0
0,0.02102742728179877
0,0.0
0,0.006691471125712888
0,0.0
0,0.0
0,0.0
0,0.0
0,0.0
0,0.0
0,0.0
0,0.0
0,0.0
0,0.0
0,0.0
0,0.0
1,0.18462990611123573
0,0.0
0,0.0
0,0.0
0,0.0
0,0.0
0,0.0
0,0.0
0,0.0
0,0.0
0,0.0
0,0.0
0,0.0
0,0.0
0,0.3155310256008338
0,0.0
0,0.0
0,0.0
0,0.08254981279991741
0,0.0
0,0.05273100590900831
0,0.0
0,0.0
0,0.0
0,0.0
0,0.0
0,0.0
0,0.10065815778199104
1,0.3986316078560787
0,0.0
0,0.0
0,0.0
0,0.0
0,0.0
0,0.0
0,0.0
0,0.0
0,0.0
0,0.0
0,0.0
0,0.0
0,0.0
0,0.0
0,0.0
0,0.0
0,0.0
0,0.0
0,0.0
0,0.0
0,0.0
0,0.0
0,0.0
0,0.0
0,0.0
0,0.0
0,0.0
0,0.0
0,0.0
0,0.0
0,0.0
0,0.0
0,0.0
0,0.0
0,0.022300971363298745
0,0.0
0,0.0
0,0.0
0,0.0
0,0.0
0,0.0
0,0.0
0,0.0
0,0.09172188249978488
0,0.0
0,0.0
0,0.009562209121879937
0,0.0
0,0.0
0,0.004005935283881364
0,0.0
0,0.0
0,0.0
0,0.006094801578092366
0,0.1599675537558726
0,0.0
0,0.0
0,0.0
0,0.0
0,0.0
0,0.0
0,0.0
0,0.0
0,0.0
0,0.0
0,0.0
0,0.0
0,0.009152908045129193
0,0.0
0,0.0
0,0.0
0,0.0
0,0.0
0,0.0
0,0.0
0,0.22957626951136123
0,0.0
0,0.0
0,0.0
0,0.009514617129806889
0,0.0
0,0.2064981551155421
0,0.022173326958993555
0,0.0
0,0.0
0,0.14711149598286175
1,0.6118127430782404
0,0.0
0,0.0
0,0.00728024135796195
0,0.0
0,0.0
0,0.0
0,0.0
0,0.0
0,0.0
0,0.0
0,0.0
0,0.007180483848183406
0,0.0
0,0.01062528444346073
0,0.0
0,0.0
0,0.0
0,0.0
0,0.0
0,0.0
0,0.008064516129032258
0,0.0
0,0.2573804963731453
0,0.0
0,0.0
0,0.0
0,0.0
0,0.0
0,0.0
0,0.032135836693548386
0,0.0
0,0.0
0,0.0
0,0.0
0,0.0
0,0.0
0,0.02684252252480749
0,0.0
0,0.19683082113589118
0,0.006166522523509686
0,0.0
0,0.0
1,0.13926195139585004
0,0.0
0,0.0
0,0.0
0,0.0
0,0.0
0,0.0
0,0.0
0,0.0
0,0.008707611473290813
0,0.0
1,0.6610519624980137
0,0.0
0,0.0
0,0.0
0,0.009562209121879937
0,0.0
0,0.0
0,0.0
0,0.0
0,0.0
0,0.0
0,0.0
0,0.0
0,0.0
0,0.0
0,0.0
0,0.0
0,0.0
0,0.018729172347012532
0,0.0
0,0.1399799170576538
0,0.0
0,0.0
0,0.0
0,0.0033376253727297423
0,0.0
0,0.004164376611846283
0,0.0
0,0.0
0,0.0
0,0.0
0,0.0
0,0.0
0,0.0
0,0.0
0,0.0
0,0.0
0,0.0
0,0.0
0,0.0
0,0.0
0,0.10396074609807565
0,0.0
0,0.005823859436444813
0,0.0
0,0.0
0,0.23883228618182364
0,0.0
0,0.0
0,0.0
0,0.0
0,0.0
0,0.0
0,0.0
0,0.0
0,0.0
0,0.0
0,0.0
0,0.0
0,0.0
0,0.0
0,0.0
0,0.0
0,0.0
0,0.0
0,0.0
0,0.0
0,0.0
0,0.0
0,0.0
0,0.013953827351519843
0,0.0
0,0.0
0,0.0
0,0.0
0,0.0
0,0.0
0,0.0
0,0.008064516129032258
0,0.0
0,0.0
0,0.0
0,0.0
0,0.0
0,0.02780804352762798
0,0.0
0,0.0
0,0.0
0,0.008064516129032258
0,0.0
0,0.0
0,0.01596688102947642
0,0.0
0,0.0
0,0.004898395023734254
0,0.0
0,0.0
0,0.0
0,0.0
0,0.0
0,0.006166522523509686
0,0.30152582429906305
0,0.0
0,0.0
0,0.0
0,0.23159124054547164
0,0.0
0,0.0
0,0.0
0,0.0
0,0.0
0,0.0
0,0.0
0,0.0
0,0.0
0,0.0
0,0.0
0,0.0
0,0.0
0,0.0
0,0.030699019209124566
0,0.0
0,0.0
0,0.0
0,0.011740220723021009
0,0.0929432235471946
0,0.0
0,0.0
0,0.005653771094019061
0,0.0
0,0.0
0,0.0
0,0.0
0,0.0
0,0.0
0,0.0
0,0.0
0,0.0
0,0.0
0,0.0
0,0.27385826577912026
0,0.04458812259216476
0,0.0
0,0.0
0,0.0
0,0.0
0,0.0
0,0.0
0,0.0
0,0.0
0,0.0
0,0.0033376253727297423
0,0.0
0,0.0
0,0.0
0,0.0
0,0.0
0,0.10972477496228811
0,0.0
0,0.0
0,0.0033376253727297423
0,0.0
0,0.00728024135796195
0,0.0
0,0.06509935414011962
0,0.0
0,0.0
0,0.0
0,0.0
0,0.007823710198751782
0,0.0
0,0.0
0,0.0
0,0.0
0,0.004164376611846283
0,0.14512680152637802
0,0.0
0,0.0
0,0.02259516198968667
0,0.0
0,0.0
0,0.0
0,0.0
0,0.0
0,0.0
0,0.004898395023734254
0,0.0
0,0.011961745638493863
0,0.029337428227946823
1,0.08025165152397813
0,0.024193548387096774
0,0.0
0,0.008064516129032258
0,0.0
0,0.0
0,0.008707611473290813
0,0.0
0,0.0
0,0.013403821557359587
0,0.0
0,0.0
0,0.0
0,0.0
0,0.0
0,0.007417644492843223
0,0.0
0,0.0
0,0.0
0,0.0
0,0.0
0,0.0
0,0.0
0,0.10186659391784363
0,0.0
0,0.0
0,0.0
0,0.13185811648543808
0,0.0
0,0.0
0,0.0
0,0.0
0,0.0
0,0.0
0,0.0
0,0.0
0,0.0
0,0.0
0,0.0
0,0.0
0,0.0
0,0.0
0,0.0
0,0.0
0,0.0
0,0.06586372583711418
0,0.0
0,0.07114169795442697
1,0.6415904894414581
0,0.0
0,0.0
0,0.0
0,0.0
0,0.0
0,0.0
0,0.0
0,0.0
0,0.013446763881471634
0,0.10074003911003783
0,0.0
0,0.08774055121684213
0,0.0
0,0.0
0,0.0
0,0.0
0,0.0
0,0.006511323276921838
0,0.09950628427657025
0,0.0
0,0.0
0,0.13501740854684888
0,0.011936454092418123
0,0.0
0,0.0
0,0.004898395023734254
0,0.06860172712656615
0,0.0
0,0.0
0,0.059780047101710386
0,0.0
0,0.012929964099092193
0,0.0
0,0.0
0,0.0
0,0.0
0,0.0
0,0.1215510621792349
0,0.0
0,0.0
0,0.0
0,0.0
0,0.0
0,0.0
0,0.0
0,0.14065372538102766
0,0.0
0,0.0
0,0.0
0,0.0
0,0.0
0,0.0
0,0.0
0,0.0
0,0.0
0,0.0
0,0.0
0,0.008064516129032258
0,0.0
0,0.0
0,0.14135404906590668
0,0.0
0,0.006593247961773181
0,0.11656203996347812
0,0.0
0,0.0
0,0.0
0,0.0
0,0.0
0,0.0
0,0.0
0,0.0
0,0.0
0,0.0
0,0.08898913081841882
0,0.0
0,0.0
0,0.005146972761247829
0,0.0
0,0.0
0,0.05658280055841099
0,0.0
0,0.1735041898075243
0,0.006634988273239829
0,0.0
0,0.0
0,0.006593247961773181
0,0.0
0,0.0
0,0.0
0,0.0
0,0.0
0,0.0
0,0.0
0,0.0
0,0.0
0,0.0
0,0.0
0,0.0
0,0.0
0,0.0
0,0.007230018513802757
0,0.0
0,0.0
0,0.0
0,0.0
0,0.0
0,0.0
0,0.0
0,0.0
0,0.0
0,0.0
0,0.0
0,0.0
0,0.0
0,0.009514617129806889
0,0.0
0,0.0
0,0.0
0,0.02656845372449434
0,0.0
0,0.0
0,0.0
0,0.007596868205244407
0,0.0
0,0.0
0,0.0
0,0.0
0,0.0
0,0.0
0,0.0
0,0.0
0,0.006634988273239829
0,0.0
0,0.0
0,0.0
0,0.006720074717251498
0,0.0
0,0.0
0,0.0
0,0.08653447251281017
0,0.0
1,0.6627352576256947
0,0.0
0,0.0
0,0.0
0,0.0
0,0.0
0,0.36033406825182374
0,0.0
0,0.0
0,0.0
0,0.0
0,0.0
0,0.0
0,0.0
0,0.0
0,0.0
0,0.0
0,0.0
0,0.0033376253727297423
0,0.0
0,0.007596868205244407
0,0.0
0,0.0
0,0.10747366754384913
0,0.0
0,0.0
0,0.0
0,0.0
0,0.0
0,0.0
0,0.0
0,0.0
0,0.0
0,0.014264238055755517
0,0.0
0,0.17979220497310916
0,0.0
0,0.0
0,0.006511323276921838
0,0.0
0,0.006026971462137161
0,0.0
0,0.0
0,0.31926348675382876
0,0.0
0,0.0
0,0.0
0,0.12416944384467433
0,0.0
0,0.17913634801301298
0,0.0
0,0.09967006663138021
0,0.0
0,0.0059225919209193525
0,0.0
0,0.0
0,0.0
0,0.0
0,0.0
0,0.0
0,0.0
0,0.2916069593591227
0,0.0
0,0.02485648058969074
0,0.034273840999792665
0,0.0
0,0.0
0,0.0
0,0.0
0,0.007452809514875666
0,0.0
0,0.09137183789594655
0,0.0
0,0.0
0,0.0
0,0.0
0,0.0
0,0.0
0,0.0
0,0.0
0,0.0
0,0.0
0,0.0
0,0.13810205587743843
0,0.0
0,0.0
0,0.0
0,0.0
0,0.0
0,0.0
0,0.07167061742196403
0,0.0
0,0.0
0,0.0
0,0.0
0,0.0
0,0.0
0,0.0
0,0.0
0,0.0
0,0.0
0,0.012306047888736696
0,0.0
0,0.1683365413919359
0,0.0
0,0.18924090397877463
0,0.0
0,0.0
0,0.0
0,0.0
1,0.8436423190544142
0,0.005697225415970672
0,0.0
0,0.0
0,0.0
0,0.0
0,0.0
0,0.0
0,0.0
0,0.0
0,0.0
0,0.0
0,0.0
0,0.0
0,0.005697225415970674
0,0.0
0,0.0
0,0.0
0,0.0
0,0.0
0,0.0
0,0.0
0,0.10850499321011411
0,0.0
0,0.10310205360124809
0,0.012038634462541394
0,0.0
0,0.0
0,0.0
0,0.0
0,0.0
0,0.03225806451612903
0,0.0
0,0.0
0,0.0
0,0.0
0,0.0
0,0.0
0,0.0
0,0.0
0,0.0
0,0.371930310210388
0,0.0
0,0.0
1,0.8136099988559082
0,0.0
0,0.0
0,0.0
0,0.0
0,0.0
0,0.09468835510967802
0,0.0035984364154458826
0,0.0
0,0.0
0,0.0
0,0.0
0,0.008064516129032258
0,0.0
0,0.0
0,0.0
0,0.07938777944031754
0,0.00748830954055544
0,0.00748830954055544
0,0.0
0,0.0
0,0.0
0,0.0
1,0.6330371341268466
0,0.0
0,0.0
0,0.0
0,0.01596688102947642
0,0.12271576513944847
0,0.0
0,0.0
0,0.0
0,0.0
0,0.0
0,0.11173567645642754
0,0.0
0,0.0
0,0.0
0,0.0
0,0.008064516129032258
0,0.0
0,0.0
0,0.0
0,0.0
0,0.0
0,0.0
0,0.0
0,0.0
0,0.23700585207635447
0,0.0
0,0.0
0,0.010832164255372482
0,0.0
0,0.0
0,0.0
0,0.0
0,0.0
0,0.0
0,0.0
0,0.0
0,0.0
0,0.0
0,0.0
0,0.0
0,0.0
0,0.0
0,0.0
0,0.0
0,0.07894411649071643
0,0.0
0,0.28841238643370426
0,0.18393781400902434
0,0.062403066352646065
0,0.0
0,0.0
0,0.0
0,0.0
0,0.0
0,0.0
0,0.0059225919209193525
0,0.0
0,0.0
0,0.0
0,0.0
0,0.0
0,0.0
0,0.0
0,0.0
0,0.0
0,0.0
0,0.0
0,0.0
0,0.0
0,0.0
0,0.0
0,0.0
0,0.0
0,0.0
0,0.0
0,0.0
0,0.0
0,0.016098446229762243
0,0.0
0,0.0
0,0.007417644492843223
0,0.0
1,0.7546586857268155
0,0.0
0,0.0
0,0.0
0,0.0
0,0.0
0,0.0
0,0.006094801578092365
0,0.006731820667031164
0,0.04487312800416705
0,0.0
0,0.1135797270501852
0,0.0
0,0.0036144951405312057
0,0.0
0,0.0
0,0.008064516129032258
0,0.007942288306451613
0,0.0
0,0.0
0,0.0
0,0.0
0,0.0
0,0.0
0,0.0
0,0.1467827270841032
0,0.0
0,0.0
0,0.0
0,0.0
0,0.0
0,0.10785896626237043
0,0.0
0,0.0
0,0.0
0,0.0
0,0.0
0,0.0
0,0.0
0,0.1027908181343922
0,0.0
0,0.30159009723378677
0,0.0
0,0.0
0,0.0
0,0.0
0,0.0
0,0.0
0,0.18373704108507205
0,0.0
0,0.00950380636301879
0,0.017103810616672776
0,0.0
0,0.0
0,0.0
0,0.0
0,0.0
0,0.0
0,0.0
0,0.0
0,0.0
0,0.0
0,0.0
0,0.0
0,0.0
0,0.0
0,0.007708620740262409
0,0.0
0,0.0
0,0.0
0,0.0
0,0.0
0,0.0
0,0.0
0,0.036736681333321315
0,0.006593247961773181
0,0.0
0,0.11902858985029614
0,0.0
0,0.0
0,0.14079780962545754
0,0.0
0,0.0
0,0.0
0,0.0
0,0.0
0,0.0
0,0.0
0,0.0
0,0.0
0,0.0
0,0.0
0,0.024193548387096774
0,0.10160016505198738
0,0.15988543230457933
0,0.0
0,0.0
0,0.0043676443685590595
0,0.0
0,0.015773136869294668
0,0.10236947711029416
0,0.0
0,0.0
0,0.0
0,0.0043676443685590595
0,0.0
0,0.0
0,0.0
0,0.0
0,0.0
0,0.0
0,0.0
0,0.056627334003148865
0,0.0
0,0.0
1,0.9832538590095911
0,0.005697225415970674
0,0.0
0,0.0
0,0.0
0,0.006585325087748622
0,0.0
0,0.0
0,0.0
0,0.0
0,0.0
0,0.01141308340883724
0,0.0
0,0.0
0,0.025355030208683314
0,0.0
0,0.0
0,0.0
0,0.0
1,0.4009026237062137
0,0.0
0,0.0
0,0.31455835165237256
0,0.0
0,0.0
0,0.0
0,0.0
0,0.0
0,0.0
0,0.0
0,0.0
0,0.0
0,0.0
0,0.0
0,0.0
0,0.0
0,0.0
0,0.0
0,0.0
0,0.0
0,0.0
0,0.0
0,0.0
0,0.0
0,0.10483870967741936
0,0.0
0,0.0
0,0.0
0,0.0
0,0.03953830587409098
0,0.0
0,0.0
0,0.0063278600528609875
0,0.0
0,0.0371376273344652
0,0.0
0,0.0
0,0.0
0,0.0
0,0.0
0,0.0
0,0.0
0,0.008064516129032258
0,0.0
0,0.0
0,0.023261446409850103
0,0.0
0,0.0
0,0.0
0,0.012929964099092193
0,0.21334422424549243
0,0.0
0,0.1097848151046663
0,0.0
0,0.16811192809020548
0,0.0
0,0.0
0,0.0
0,0.0760078829050518
0,0.0
0,0.0
0,0.0
0,0.0
0,0.0
0,0.0
0,0.0
0,0.0
0,0.007188731572033281
0,0.0
0,0.011855953909114498
0,0.0
1,0.8541413866766063
0,0.0
0,0.0
0,0.010452346608152082
0,0.006094801578092366
0,0.0
0,0.0
0,0.0
0,0.0
0,0.0
1,0.6130151886412392
0,0.0
0,0.0
0,0.00728024135796195
0,0.0
0,0.0
0,0.0
0,0.0
0,0.0
0,0.0
0,0.007382809754726265
0,0.0
0,0.0
0,0.2397988427107718
0,0.0
0,0.0
0,0.0
0,0.009562209121879937
0,0.0
0,0.0
0,0.0
0,0.005653771094019061
0,0.0
0,0.0
0,0.0
0,0.0
0,0.0
0,0.0
0,0.06308978864497439
1,0.5172264224559854
0,0.0
0,0.0
0,0.02608482681472117
0,0.0033376253727297423
0,0.0
0,0.0
0,0.0
0,0.0
0,0.0
0,0.0
0,0.0
0,0.0
0,0.0
0,0.0
1,0.9174465874714133
0,0.01943243129155601
0,0.014231038652541944
0,0.0
0,0.0
0,0.0
0,0.0
0,0.0
0,0.0
0,0.0
0,0.0
0,0.0
0,0.0033376253727297423
0,0.0302298367459741
0,0.07525099808694666
0,0.0
0,0.045597330145921315
0,0.0
0,0.0
0,0.11582928225500617
0,0.007348300669037731
0,0.0
0,0.0
0,0.0
0,0.0
0,0.0
0,0.0
0,0.0
0,0.006593247961773181
0,0.0
0,0.0
0,0.0
0,0.0
1,0.4989317646172916
0,0.0
0,0.0
0,0.19884068164014396
0,0.0
0,0.3387096774193548
0,0.006818496469610966
0,0.0
0,0.0
0,0.0
0,0.0
0,0.0
0,0.0
0,0.0
0,0.0
0,0.0
0,0.0
0,0.0
0,0.0
0,0.0
0,0.0
0,0.0
0,0.0
0,0.0
0,0.0
1,0.9169695060774989
0,0.0
0,0.0
0,0.0
0,0.0
0,0.0
0,0.0
0,0.0
0,0.0
0,0.0
0,0.0
0,0.0
0,0.0
0,0.0
0,0.0
0,0.0
0,0.0
0,0.00698895162399152
0,0.020544481735642026
0,0.11379041635774464
0,0.0
1,0.8837410368534081
0,0.0
0,0.007762813027292165
0,0.0
0,0.0
0,0.0
0,0.0
0,0.0
0,0.0069889516239915175
0,0.0
0,0.0
0,0.0
0,0.0
1,0.7725536697601046
0,0.0
0,0.0
0,0.0
0,0.0
0,0.008064516129032258
0,0.08906840895385883
0,0.0
0,0.0
0,0.0
0,0.0
0,0.0
0,0.03828279429700972
0,0.0
0,0.0
0,0.006239951529743474
0,0.0
0,0.0
0,0.0
0,0.07937823280217365
0,0.012839183329782827
0,0.0
0,0.0
0,0.0
0,0.14097295587223085
0,0.0
0,0.024193548387096774
0,0.0
0,0.0
0,0.0
0,0.0
0,0.0
0,0.0
0,0.0
0,0.0
0,0.01832126527798869
0,0.008064516129032258
0,0.0
0,0.0
0,0.07103324658912975
0,0.0
0,0.0
0,0.0
0,0.0
0,0.0
0,0.0
0,0.0
0,0.0
0,0.0
0,0.007686007977937265
0,0.0
0,0.0048530308536652985
0,0.010906819238447866
0,0.0
0,0.0
0,0.0
0,0.0
0,0.0
0,0.08601743273271643
0,0.0
0,0.021617635232013988
0,0.2671688550297933
1,0.8444213462836614
0,0.01568391222348827
0,0.011831954901009975
0,0.0
0,0.0
0,0.0
0,0.0
0,0.0
0,0.0
0,0.23567402473843235
0,0.0
0,0.1829511616605597
0,0.0
0,0.0
0,0.0
0,0.003275592548091917
0,0.0
0,0.0
0,0.0
0,0.0
0,0.0
0,0.02057100269076905
0,0.0
0,0.0
0,0.0
0,0.0
0,0.0
0,0.0
0,0.006585325087748622
1,0.7463898091616771
0,0.0
0,0.0
0,0.0
0,0.0
0,0.0
0,0.0
0,0.0
0,0.0
0,0.0
0,0.0
0,0.0
0,0.0
0,0.0
0,0.3106554838061317
0,0.14840779378743843
0,0.0
0,0.17094743227651585
0,0.0
0,0.0
0,0.0
0,0.0
0,0.004282236327275894
0,0.0
0,0.0
0,0.022193201823306367
0,0.0
0,0.0
0,0.19132665789277617
0,0.0
0,0.0
0,0.0
0,0.0
0,0.0
0,0.04448954616174396
0,0.0
0,0.0
0,0.0
0,0.0
0,0.24936525153365605
0,0.0
0,0.0
0,0.1026613879037523
0,0.39517676772240456
0,0.004282236327275894
0,0.0
0,0.0
0,0.0
0,0.0
0,0.0
0,0.0
0,0.0
0,0.008064516129032258
0,0.0
0,0.0
0,0.0
0,0.0023363377609108204
0,0.0
0,0.006942654532717385
0,0.0
0,0.0
0,0.0
0,0.0
0,0.0
0,0.0
0,0.10917858615397355
0,0.0
0,0.0
0,0.0
0,0.003275592548091917
0,0.0
0,0.0
0,0.0
0,0.0
0,0.0
0,0.0
0,0.0
0,0.0
0,0.0
0,0.04349301480994159
0,0.0
0,0.009483127580105936
0,0.01553915651169602
0,0.006763441575582508
0,0.0
0,0.0
0,0.006094801578092366
0,0.0
0,0.0
0,0.0
0,0.0
0,0.0
0,0.0
0,0.0
0,0.0
0,0.0
0,0.0
0,0.04793846382335791
0,0.004853030853665292
0,0.0
0,0.0
0,0.0
0,0.0
0,0.0
0,0.12879549947860064
0,0.0
0,0.0059225919209193525
0,0.0
0,0.0
0,0.0
0,0.0
0,0.006763441575582508
0,0.0
0,0.0
0,0.0
0,0.0
0,0.0
0,0.0
0,0.0
0,0.11475427835513377
0,0.0
0,0.0
0,0.0
0,0.0
0,0.02771554585395277
0,0.0
0,0.0
0,0.0
0,0.32193366652270405
0,0.0
0,0.04932797642521224
0,0.006634988273239828
0,0.0
0,0.016129032258064516
0,0.016129032258064516
0,0.0
0,0.009152908045129193
0,0.0
0,0.0
0,0.2013648860069748
0,0.019195012729213527
0,0.0
0,0.0
0,0.0
0,0.01062528444346073
0,0.0
0,0.0
0,0.0
0,0.04838709677419355
0,0.0
0,0.0
0,0.0430597327054432
0,0.005934774176356703
0,0.0
0,0.0
0,0.0
0,0.0
0,0.0
1,0.7944405944996037
0,0.0
0,0.0
0,0.0
0,0.0
0,0.0
0,0.0
0,0.0
0,0.010557964822588545
0,0.0
0,0.0
0,0.19341129928357256
0,0.0
0,0.0
0,0.03009410577496588
0,0.0
0,0.12949838452668744
0,0.0
1,0.8370414083755411
0,0.0
0,0.0
0,0.020051191318409222
0,0.0
0,0.0
0,0.011936454092418123
0,0.0
0,0.0
0,0.0
0,0.0
0,0.0
0,0.0
0,0.0
0,0.0
0,0.0069889516239915175
0,0.0
0,0.0
0,0.0
0,0.0
0,0.0
0,0.0
0,0.0
0,0.0
0,0.0
0,0.0
0,0.003275592548091917
0,0.0
1,0.36653159782927636
0,0.0
0,0.006585325087748622
0,0.0
0,0.0
0,0.007287659070730987
0,0.0
0,0.003012007890571839
0,0.0
0,0.0
1,0.6370593597277683
0,0.052792751404569696
1,0.21774193548387097
0,0.003275592548091917
0,0.0
0,0.0
0,0.0
0,0.0
0,0.0
0,0.0
0,0.11539906979593827
0,0.0
0,0.0
0,0.0
0,0.0
0,0.0
0,0.0
0,0.0
0,0.25900219123811247
0,0.0
0,0.0
0,0.07687230402401445
0,0.0
0,0.0
0,0.0
0,0.05318318505804205
0,0.0
0,0.006552029538707182
0,0.0
0,0.208342415900261
0,0.0
0,0.0
0,0.012729789851332197
0,0.05679467694573708
0,0.0
0,0.003012007890571839
0,0.0
0,0.0
0,0.00748830954055544
0,0.18579491450798408
0,0.0
0,0.039376809510022946
0,0.0
0,0.0
0,0.010000003614913119
0,0.0
0,0.0
0,0.021604431482820683
0,0.0
0,0.0
0,0.0
0,0.3982909418091237
0,0.0
0,0.0
0,0.0
0,0.0
0,0.0
0,0.0
0,0.2565638647102383
0,0.0
0,0.0
0,0.0
0,0.0
0,0.0035897348277747435
0,0.0
0,0.0
0,0.0
0,0.020436051535027235
0,0.21620419825572573
0,0.0
0,0.0
0,0.0
0,0.0
0,0.0
0,0.11231335006008311
0,0.0
0,0.0
0,0.0
0,0.0
0,0.0
0,0.0868751680659972
0,0.0
0,0.0
0,0.0
0,0.0
0,0.0
0,0.0
0,0.0
0,0.0
0,0.0
0,0.0
0,0.0
0,0.0
0,0.0
0,0.0
0,0.0
0,0.0
0,0.0
0,0.12172893567591817
0,0.0
0,0.0
0,0.0
0,0.0
0,0.07190694819784449
0,0.0
0,0.0
0,0.0
0,0.0
0,0.0
0,0.01184198247765682
0,0.0
0,0.0
0,0.0
0,0.0
0,0.0
0,0.0
0,0.0
0,0.0
0,0.0
0,0.007280241357961948
0,0.008064516129032258
0,0.3307550078062856
0,0.0
0,0.0
1,0.5950062931644319
0,0.006593247961773181
0,0.0
0,0.0
0,0.0
0,0.0
0,0.008064516129032258
0,0.0
0,0.03682883068890004
0,0.0
0,0.008064516129032258
0,0.0
0,0.0
0,0.02400454892432356
0,0.0
0,0.05255932615660817
0,0.0
0,0.0
0,0.0056359513428639926
0,0.0
0,0.0023363377609108204
0,0.0
0,0.0
0,0.16380312878615422
0,0.0
0,0.0
0,0.0
0,0.0
0,0.00442537514601492
0,0.007596868205244405
0,0.0
0,0.0
0,0.04348804485691534
0,0.0
0,0.0
0,0.0
0,0.0
0,0.0
0,0.0
0,0.0
0,0.0
0,0.21162049935120328
0,0.0
0,0.0
0,0.007596868205244407
0,0.01884319182433396
0,0.03955254621449562
0,0.0
0,0.0
0,0.0
0,0.0
0,0.0
0,0.030811860286742942
0,0.0
1,0.48186746963197
0,0.0
0,0.0
0,0.0
0,0.0063278600528609875
0,0.0
0,0.0
0,0.021637183724862837
0,0.0
0,0.0
0,0.006552029538707182
0,0.011402141501762001
0,0.0
0,0.0
0,0.0
0,0.0
0,0.008064516129032258
0,0.0048530308536652985
0,0.0
0,0.04240866096656766
0,0.0
0,0.0
0,0.23521771061411526
0,0.005488381489098995
0,0.0
0,0.0
0,0.0
0,0.00698895162399152
0,0.04570701846796491
0,0.0
0,0.0
0,0.0
0,0.0
0,0.09186138753439263
0,0.0
0,0.0
0,0.0
0,0.0
0,0.011831954901009975
0,0.0
0,0.0
0,0.0
0,0.0
0,0.0
0,0.0
0,0.07818771476797358
0,0.249602946131565
0,0.0
0,0.0
0,0.0
0,0.0
0,0.0
0,0.0
0,0.0
0,0.012482559184260767
0,0.0
0,0.0
0,0.0
0,0.0
0,0.050663266509148895
0,0.0
0,0.0
0,0.0
0,0.0
0,0.005146972761247829
0,0.05197274490584653
0,0.0
0,0.0
0,0.0
0,0.0
0,0.05208033783283787
0,0.0
0,0.011602803489125773
0,0.0
0,0.0
0,0.10190000655377392
0,0.0
0,0.37726982500596296
0,0.0
0,0.0
0,0.0
0,0.0
0,0.0
0,0.0
0,0.0
0,0.0
0,0.0
0,0.0
0,0.0
0,0.0
1,0.7248030583969424
0,0.013324121513190913
0,0.0
0,0.0
0,0.0
0,0.014494317845158797
0,0.011539156508895003
0,0.04032258064516129
0,0.0
0,0.0
0,0.0
0,0.0
0,0.0
1,0.6525523513762495
0,0.0
0,0.0
0,0.0
0,0.0
0,0.0
0,0.0
0,0.0
0,0.0
0,0.0
0,0.0
0,0.0
0,0.0
0,0.0
0,0.0
0,0.0
0,0.0
0,0.0
0,0.0
0,0.014392376181893245
0,0.0
0,0.0
0,0.0
0,0.006406087408949013
0,0.0
0,0.00412686897469273
0,0.007865038744237138
0,0.0
0,0.0
0,0.0
0,0.0
0,0.1552898093792038
0,0.0
0,0.0
0,0.0
0,0.0
0,0.0
0,0.0
0,0.0
0,0.0
0,0.0
0,0.31181960576286494
0,0.00748830954055544
0,0.0
0,0.0
0,0.0
0,0.007862840852009435
0,0.0
0,0.0
0,0.0
0,0.0
0,0.0
0,0.0
0,0.0
0,0.0
0,0.0
0,0.0
0,0.05501468228422898
0,0.0
0,0.0
0,0.0
0,0.0
0,0.072596256932763
0,0.0
0,0.1642411090532499
0,0.0
0,0.0
0,0.006896966779008187
0,0.0
0,0.0
0,0.0
0,0.0
0,0.0
0,0.0
0,0.0
0,0.0
0,0.0
0,0.023376535868339477
0,0.0
0,0.0
0,0.0
0,0.0
0,0.039015383574947625
0,0.0
0,0.013815472121423235
1,0.5063552544714408
0,0.0
0,0.005823859436444813
0,0.0
0,0.0
0,0.007943548387096773
0,0.0
0,0.0
0,0.0
0,0.04632488987975355
0,0.0
0,0.027971283886800966
0,0.0
0,0.0
0,0.0
0,0.0
0,0.0
0,0.0
0,0.0
0,0.0
0,0.0
0,0.0
0,0.0
0,0.0
0,0.0
0,0.0
0,0.0
0,0.0
0,0.0
0,0.17778621907785855
0,0.0
0,0.0
0,0.007708620740262409
0,0.0
0,0.0
0,0.0
0,0.004367644368559059
0,0.0
0,0.0
1,0.2089957129805327
0,0.0
0,0.007880672742721776
0,0.0
0,0.26083091621822746
0,0.0
0,0.0
0,0.0
0,0.0
0,0.0
0,0.0
0,0.0035984364154458826
0,0.005189448204317541
0,0.0
0,0.050945445056744414
0,0.0
0,0.008064516129032258
0,0.0
0,0.06197460794750362
0,0.0
0,0.0
0,0.0
0,0.005488381489098995
0,0.08661581205367615
0,0.0
0,0.0
0,0.0
0,0.0
0,0.0
0,0.0
0,0.0
0,0.0
0,0.09629258168782615
0,0.0
0,0.0
0,0.0
0,0.0
0,0.0
0,0.0
0,0.0
0,0.013597931962749993
0,0.0
0,0.0
0,0.010191348073983442
0,0.0
0,0.0
0,0.0
0,0.0
0,0.0
0,0.0
0,0.0
0,0.0035897348277747435
0,0.0
0,0.0033376253727297423
0,0.0
0,0.2733798574805553
0,0.04518802861522121
0,0.42472646269395115
0,0.0
0,0.0
0,0.0
0,0.06652726232790718
0,0.0
0,0.0
0,0.0
0,0.0
0,0.004282236327275894
0,0.0
0,0.0
0,0.0
0,0.0
0,0.0
0,0.0
0,0.0
0,0.0
0,0.0
0,0.0
0,0.0
0,0.0
0,0.0
0,0.03225806451612903
0,0.030692777686975124
0,0.0
0,0.0
0,0.0
0,0.0
0,0.0
0,0.0
0,0.0
0,0.0
0,0.0
0,0.0
0,0.0
0,0.0
0,0.0
0,0.0
0,0.0
0,0.0
0,0.0
0,0.0
0,0.08168319333418633
0,0.0
0,0.0
0,0.0
0,0.0
0,0.0
0,0.0
0,0.0
0,0.0
0,0.0
0,0.0
0,0.0
0,0.010099150788202987
0,0.0
0,0.0
0,0.0
0,0.0
0,0.0
0,0.0
0,0.0
0,0.0
0,0.0
0,0.04032258064516129
0,0.0
0,0.0
0,0.0
0,0.17047714783367807
0,0.0
0,0.0
0,0.0
0,0.0
0,0.0
0,0.0
0,0.0
0,0.0
0,0.005889311222487582
0,0.0
0,0.0
0,0.0
0,0.0
0,0.0
0,0.0
0,0.0
0,0.0
0,0.007596868205244407
0,0.0
0,0.0
0,0.0
0,0.0
0,0.0
0,0.0
0,0.005488381489098995
0,0.008064516129032258
0,0.0
0,0.03442836654020884
0,0.0
0,0.0
1,0.39931280935842267
0,0.0
0,0.0
0,0.2365667496171858
0,0.0
0,0.0
0,0.0
0,0.0
0,0.0
0,0.0
0,0.0
0,0.0
0,0.0
0,0.0
0,0.0
0,0.0
0,0.012900083732940782
0,0.035715399690261496
0,0.007708620740262409
0,0.0
0,0.0
0,0.0
0,0.09824319596778402
0,0.0
0,0.0
0,0.03571189157788618
0,0.0
0,0.25502563569823755
0,0.0
0,0.034735095136719324
0,0.015193736410488812
0,0.003012007890571839
0,0.289222375038934
0,0.0
0,0.0
0,0.0
0,0.0
0,0.0
0,0.011406585200702103
0,0.0
0,0.0
0,0.0
0,0.2413462497882693
0,0.0
0,0.0
0,0.0
0,0.0
0,0.0
0,0.006691471125712888
0,0.0
0,0.0
0,0.0
0,0.0
0,0.0
0,0.0
0,0.0
0,0.0
0,0.0
0,0.07079671072860805
0,0.07968405361044739
0,0.0
0,0.051855505517153504
0,0.0
0,0.12614061582766783
0,0.0
0,0.0
0,0.0
0,0.0
0,0.0
0,0.0
0,0.0
0,0.0
0,0.0
0,0.0
0,0.0
0,0.0
0,0.0
0,0.0
0,0.0
0,0.0
0,0.2894174773595226
0,0.0
0,0.0
0,0.0
0,0.0
0,0.0
0,0.0
0,0.0
0,0.0
0,0.0
0,0.0
0,0.0
0,0.0
0,0.0
0,0.0
0,0.0
0,0.0
0,0.0
0,0.0
0,0.0
0,0.004164376611846283
0,0.0
0,0.0
0,0.0
0,0.0
0,0.0
0,0.0
0,0.0
0,0.0
0,0.10584255314083862
0,0.0
0,0.0
0,0.0
0,0.0
1,0.3666575579573032
0,0.0
0,0.0
0,0.0
0,0.0
0,0.02007827030763874
0,0.0
0,0.0
0,0.0
0,0.0
0,0.0
0,0.0
0,0.0
0,0.0
0,0.0
0,0.0
0,0.0
0,0.0
0,0.0
0,0.0
0,0.0
0,0.008064516129032258
0,0.0
0,0.0
0,0.008064516129032258
0,0.0
0,0.0
0,0.0
0,0.0
0,0.0
0,0.0
0,0.0
0,0.11019255295623079
0,0.0
0,0.006593247961773181
0,0.0
0,0.0
0,0.0
0,0.0
0,0.0
0,0.0
0,0.0
0,0.0
0,0.11638582474350603
0,0.0
0,0.0
0,0.0
0,0.0
0,0.0
0,0.25423018490579075
0,0.014768550898517389
0,0.0
0,0.0
0,0.0
0,0.0
0,0.0
0,0.11155519613788732
0,0.0
0,0.0
0,0.00765643218033424
0,0.0
0,0.0
0,0.0
0,0.0
0,0.0
0,0.0
0,0.004853030853665292
0,0.0
0,0.0
0,0.0
0,0.0
0,0.0
0,0.0
0,0.0
0,0.0
0,0.0
0,0.03374831453549055
0,0.0
0,0.013403821557359587
0,0.0
0,0.0
0,0.06958172232227733
0,0.0
0,0.007389347336834211
0,0.0
0,0.0
0,0.0179902424772007
0,0.0
0,0.0
0,0.0
0,0.004367644368559059
0,0.12119072354201368
0,0.0
0,0.0
0,0.0
0,0.0
0,0.0
0,0.0
0,0.0
0,0.0
0,0.11409424335899884
0,0.0
0,0.0
1,0.4784590919196677
0,0.0
0,0.009152908045129193
0,0.0
0,0.0
0,0.0
0,0.0
0,0.11284704493539532
0,0.006166522523509685
0,0.0
0,0.0
0,0.0
0,0.0
0,0.0
0,0.0
0,0.0
0,0.0
0,0.0
0,0.0
0,0.0
0,0.022169293551157862
0,0.0
0,0.0
0,0.00593376923163823
0,0.0
0,0.0
0,0.0
0,0.11315422877329677
0,0.0
1,0.666907538604468
0,0.0
0,0.0
0,0.0
0,0.006593247961773181
0,0.0
0,0.03191953481841463
0,0.2947853268890677
0,0.061466544556003214
0,0.01358179010724677
0,0.0
0,0.0
0,0.0
0,0.0
0,0.005889311222487584
0,0.0
0,0.0
0,0.0
0,0.0
0,0.0
0,0.0
0,0.0
0,0.12240363754172108
0,0.08259627052865841
0,0.0
0,0.0
0,0.0
0,0.024825988923853556
0,0.016129032258064516
0,0.0
0,0.005146972761247829
0,0.0
0,0.0
0,0.018758709179792894
0,0.06585982713632157
0,0.015552825669587699
0,0.0
0,0.0
0,0.0
0,0.0
0,0.0
0,0.0
0,0.0
0,0.0
0,0.0
0,0.0
0,0.0
0,0.03924701614012056
0,0.0
0,0.0
0,0.0
0,0.0
0,0.0
0,0.0
0,0.0
0,0.0
0,0.09538499961951455
0,0.0
0,0.0
0,0.0
0,0.004898395023734254
0,0.0
0,0.0
0,0.0
0,0.0
0,0.0
0,0.0492582845683392
0,0.0
0,0.2977662916858806
0,0.0
1,0.7299021480336959
0,0.0
0,0.0
0,0.0
0,0.0
0,0.0
0,0.0624308662472189
0,0.0
0,0.0
0,0.0
0,0.0
0,0.013789784489429325
0,0.0
0,0.005517273978214513
0,0.006511323276921838
0,0.0
0,0.0
0,0.0
1,0.9103963058608938
0,0.0
0,0.0
0,0.005146972761247829
0,0.0
0,0.0
0,0.0
0,0.0
0,0.1569465800424057
0,0.0
0,0.0
0,0.0
0,0.0
0,0.0
0,0.0
0,0.0
0,0.0
0,0.003012007890571839
0,0.0
0,0.2392417467368332
0,0.043217425802004335
0,0.0
0,0.029750729866422035
0,0.0
0,0.0
0,0.0
0,0.0
0,0.0
0,0.0
0,0.0
0,0.005889311222487585
0,0.16888912883940285
0,0.0
0,0.0
0,0.0
0,0.015053467753023776
0,0.0
0,0.2902377010670699
0,0.0
0,0.0
0,0.0
0,0.0
0,0.0
0,0.0
0,0.0
0,0.015216366748455296
0,0.0
0,0.0
0,0.0
0,0.029005638450792653
0,0.011051827905766778
0,0.0
0,0.0
0,0.0
0,0.0
0,0.0
0,0.0
0,0.02040941755518961
0,0.0
0,0.00728024135796195
0,0.0
0,0.0
0,0.0
0,0.0
0,0.0
0,0.0
0,0.0
0,0.0
0,0.0
0,0.0
0,0.007493913572732806
0,0.0
0,0.0
0,0.0
0,0.10596823766724939
0,0.006691471125712888
0,0.0
0,0.0
0,0.0
0,0.0
0,0.0
0,0.0
0,0.0
0,0.20066100220370908
0,0.0
0,0.0
0,0.06945792598505353
0,0.0
0,0.0
0,0.0
0,0.0
1,0.4169551912333442
0,0.0
0,0.06383070089176622
0,0.005889311222487585
0,0.0
0,0.0
0,0.0
0,0.0
0,0.0
0,0.0
0,0.0
0,0.0063278600528609875
0,0.0
0,0.0
0,0.0
0,0.0
0,0.0
0,0.0
0,0.0
0,0.004898395023734254
0,0.0
0,0.0
0,0.021004621885314465
0,0.0
0,0.0
0,0.0
0,0.0
0,0.0
0,0.004282236327275894
0,0.0
0,0.0
0,0.0
0,0.0
0,0.0
0,0.0689608556203002
0,0.0
0,0.0
0,0.016126122250340148
0,0.0
0,0.0
0,0.0
0,0.0
0,0.0
0,0.0
0,0.0
0,0.1420971307671305
0,0.0
0,0.0
0,0.20811633254351283
0,0.0
0,0.007188731572033281
0,0.0
0,0.02265073356203736
0,0.0
0,0.00728024135796195
0,0.0
0,0.0
0,0.0
0,0.0
0,0.016504863654597322
0,0.007880672742721776
0,0.21633523361242382
0,0.0
0,0.007823710198751782
0,0.0
0,0.0
0,0.0
0,0.0
0,0.0
0,0.037261882364198806
0,0.0
0,0.0
0,0.0
0,0.0
0,0.0
0,0.0
0,0.0
0,0.006647320826022408
0,0.0
0,0.0
0,0.0
0,0.0
0,0.0502852494559959
0,0.0
0,0.0
0,0.0
0,0.0
0,0.008212624056658714
0,0.0
0,0.18008815997382144
0,0.0
0,0.0
0,0.0
0,0.0
0,0.0
0,0.0
0,0.0
0,0.0
0,0.0
0,0.14214956928299244
0,0.0
0,0.0
0,0.0
0,0.028763462042909072
0,0.0
0,0.0
0,0.0
0,0.0
0,0.0
0,0.0
0,0.0
0,0.0
0,0.0
0,0.0
0,0.0
0,0.0
0,0.0
0,0.02948968373892965
0,0.20978094410167133
0,0.0
0,0.0
0,0.0069889516239915175
0,0.0
0,0.0
0,0.008064516129032258
0,0.0023363377609108204
0,0.0
0,0.0
0,0.0
0,0.0
0,0.0
0,0.0
0,0.0
0,0.0
0,0.0
0,0.0
0,0.0
0,0.0
0,0.23592094163218405
0,0.0
0,0.0
0,0.004898395023734254
0,0.0
0,0.0
0,0.0
0,0.0
0,0.0
0,0.016129032258064516
0,0.0
0,0.0
0,0.008064516129032258
0,0.0
0,0.0
0,0.0
0,0.0291035435921389
0,0.0
0,0.0
0,0.0
0,0.0
0,0.0
0,0.023596847068046448
0,0.0
0,0.0403208305075707
0,0.0
0,0.0
0,0.18963323507047233
0,0.0
0,0.06531474808410141
0,0.0
0,0.0
0,0.030437529600776468
0,0.0
0,0.0
0,0.0
0,0.0
0,0.0
0,0.0
0,0.0
0,0.0
0,0.0
0,0.0
0,0.0
1,0.6225985144804232
0,0.0
0,0.01386791082317964
0,0.0
0,0.0
0,0.0
0,0.0
0,0.0
0,0.0
0,0.0
0,0.0
0,0.0
0,0.0
0,0.0
0,0.0
0,0.0
0,0.0
0,0.005146972761247829
0,0.0
0,0.0
0,0.022725094965767988
0,0.015276519713627448
0,0.0
0,0.0
0,0.0
0,0.0
0,0.0
0,0.0
0,0.0
0,0.0
0,0.0
0,0.04548836610994858
0,0.0
0,0.0
0,0.0
0,0.0
0,0.0
0,0.0
0,0.0048530308536652985
0,0.0
0,0.0
0,0.0
0,0.05944429696874229
0,0.0
0,0.0
0,0.0
0,0.0
0,0.04838709677419355
0,0.0
0,0.0
0,0.0
0,0.0
0,0.0063278600528609875
0,0.0
0,0.0
0,0.004005935283881364
0,0.0
0,0.0
0,0.006807371790717868
0,0.0
0,0.0
0,0.0
0,0.0
0,0.0
0,0.0
0,0.0
0,0.0
0,0.0
0,0.0
0,0.0
0,0.0
0,0.0
0,0.0
0,0.0
0,0.0
0,0.0
0,0.4617085959514669
0,0.0
0,0.0
0,0.0
0,0.0
0,0.0
0,0.0
0,0.009514617129806889
0,0.0
0,0.0
0,0.0
0,0.0
0,0.0
0,0.0
0,0.0
0,0.0
0,0.0
0,0.06397851977827645
0,0.003012007890571839
0,0.06773525526944355
0,0.0
0,0.0
0,0.0
0,0.0
0,0.015773136869294668
0,0.013248156017755476
0,0.0
0,0.23257218229694687
0,0.0
0,0.0
0,0.0
0,0.0
0,0.0
0,0.03446052640072065
0,0.0
0,0.003012007890571839
0,0.0
0,0.0
0,0.0
0,0.0
0,0.0
0,0.21228220139689957
0,0.0
0,0.09564308477170812
0,0.0
0,0.013694549751300853
0,0.0
0,0.0
0,0.0
0,0.013262097394339534
0,0.0
0,0.0
0,0.0
0,0.0
0,0.0
0,0.0
0,0.004282236327275894
0,0.025123686474471815
0,0.0
0,0.0
1,0.4490700702277777
0,0.004282236327275894
0,0.010358185051799812
0,0.0
0,0.0
0,0.0068073717907178675
0,0.0
0,0.0
0,0.01783000307077756
0,0.0
0,0.0
0,0.0
0,0.006634988273239828
0,0.0
0,0.008064516129032258
0,0.0
0,0.0
0,0.0059225919209193525
0,0.0
0,0.0
0,0.0
0,0.0
0,0.0
0,0.1808031786058492
0,0.007213431196020387
0,0.007596868205244407
0,0.0937452957907121
0,0.0075421982582224685
0,0.0
0,0.04262666326492177
0,0.0
0,0.0
0,0.0
0,0.0
0,0.0
0,0.0
0,0.0
0,0.0
0,0.0
0,0.0
0,0.025625839969994305
0,0.0
0,0.0
0,0.0
0,0.0
0,0.0
0,0.4753929980084983
0,0.0
0,0.0
0,0.0
0,0.0
0,0.0
0,0.0
0,0.0
0,0.0
0,0.0
0,0.0
0,0.0
0,0.0
0,0.0
0,0.0
0,0.0
0,0.0
0,0.10112977479231283
0,0.0
0,0.0
0,0.0
0,0.0
0,0.0
0,0.008373579652440422
0,0.0
0,0.029327125202542745
0,0.046242139210417886
0,0.0
0,0.0
0,0.0
0,0.0
0,0.0
0,0.0
0,0.27192230699108977
0,0.004898395023734254
0,0.0
1,0.8681343622723364
0,0.0
0,0.0148126618227433
0,0.0
0,0.03899935559189802
0,0.0
0,0.0
0,0.0
0,0.0
0,0.0
0,0.0
0,0.0
0,0.0
0,0.0
0,0.0
0,0.0
0,0.0
0,0.0
0,0.0
0,0.0
0,0.02465641342384695
0,0.0
0,0.14618033588094154
0,0.0
0,0.013212655992075705
0,0.0
0,0.0
0,0.0
0,0.0
0,0.0
0,0.005517273978214513
0,0.0
0,0.44217795346177946
0,0.0
0,0.0
0,0.04462634063254015
0,0.0
0,0.03136193048885
0,0.0
0,0.10184009750156019
0,0.0
0,0.0
0,0.0
0,0.006763441575582508
0,0.0
0,0.0
0,0.0
0,0.0
0,0.019712367515326318
0,0.0
0,0.0
0,0.0
0,0.0
0,0.0
0,0.00748830954055544
0,0.0
0,0.0
0,0.0
0,0.0
0,0.0
0,0.03738837092087813
0,0.003275592548091917
0,0.0
0,0.0
0,0.01588822632778404
0,0.0
0,0.0
0,0.0
0,0.0
0,0.0
0,0.0
0,0.0
0,0.0
0,0.0
0,0.0
0,0.0
0,0.0
0,0.0
0,0.0
0,0.0
0,0.008064516129032258
0,0.0
0,0.0
0,0.0
0,0.0
0,0.0
0,0.0
0,0.0
0,0.0
0,0.0
0,0.024193548387096774
0,0.20451284797630387
0,0.0059225919209193525
0,0.0
0,0.007389347336834209
0,0.0
0,0.0
0,0.0
0,0.0
0,0.0
0,0.0
0,0.0
0,0.0
0,0.0
0,0.0
0,0.0
0,0.007823710198751782
0,0.0
0,0.0036144951405312057
0,0.36886975286807516
0,0.0
0,0.0
0,0.0
0,0.0
0,0.0
0,0.008064516129032258
0,0.0
0,0.0
0,0.007712182900093955
0,0.0043676443685590595
0,0.059730619202610635
0,0.0
0,0.0
0,0.0
0,0.0
0,0.0
0,0.013519452502881342
0,0.0
0,0.0
0,0.0
0,0.19185938942440312
0,0.008064516129032258
0,0.0035984364154458826
0,0.0
0,0.0
0,0.0
0,0.0
0,0.006896966779008187
0,0.0
0,0.0
0,0.0
0,0.0
0,0.1335273555320619
0,0.0
0,0.0
0,0.0
0,0.00593376923163823
0,0.0
0,0.037135115074187035
0,0.033679683706064785
0,0.0
0,0.0
0,0.0
0,0.0
0,0.0
0,0.0
0,0.0
0,0.0
0,0.0
0,0.0
0,0.0
0,0.13304561733862513
0,0.0
0,0.0
0,0.2652651614175641
0,0.019421260977045083
1,0.28102116572840324
0,0.0
0,0.0
0,0.15148893773352598
0,0.0
0,0.0
0,0.0
0,0.0
0,0.0
0,0.0
0,0.0
0,0.0
0,0.0
0,0.0
0,0.0
0,0.0
0,0.0
0,0.0
0,0.09030017821385714
0,0.0
0,0.0
0,0.0
0,0.0
0,0.0
0,0.0
0,0.00442537514601492
0,0.0
0,0.0
0,0.0
0,0.0
0,0.0
0,0.0
0,0.0
0,0.0
0,0.0
0,0.06781697287165113
0,0.0
0,0.004898395023734254
0,0.0
0,0.06752810975290839
0,0.0
0,0.0
0,0.0
0,0.0
0,0.0
0,0.0
1,0.526597981236057
1,0.6195803402569893
0,0.0
0,0.055270942602422005
0,0.0076523364939842424
0,0.0
0,0.23775085202138477
0,0.3163067357201588
0,0.13497542079578032
0,0.0
0,0.0
0,0.0
0,0.0
0,0.0
0,0.0
0,0.0036144951405312057
0,0.0
0,0.0
0,0.0
0,0.0
0,0.0
0,0.0
0,0.0
0,0.0
0,0.02954453352099076
0,0.0
0,0.007488309540555438
0,0.0
0,0.0
0,0.0
0,0.0
0,0.0
0,0.0
0,0.0
0,0.0
0,0.0
0,0.009562209121879937
0,0.0
0,0.0
0,0.0
0,0.0
0,0.010872460753336323
0,0.0
0,0.0
0,0.0
0,0.09274915663120319
0,0.0
0,0.0
0,0.0
0,0.0
0,0.005189448204317541
0,0.0
0,0.0
0,0.0
0,0.0
0,0.0
0,0.0
0,0.0
0,0.0
0,0.0
0,0.0
0,0.0
0,0.0
0,0.0
1,0.8853824630454822
0,0.0
0,0.0
0,0.0
0,0.0
0,0.0
0,0.10674713580195928
0,0.0
0,0.0
0,0.0
0,0.0
0,0.026425450256841947
0,0.0
0,0.0
0,0.014768550898517389
0,0.0
0,0.006763441575582508
0,0.0
0,0.0
0,0.0
0,0.0
0,0.0043676443685590595
0,0.00663498827323983
0,0.05449016690293311
0,0.022770247297465993
0,0.013827369173126628
0,0.0
0,0.0
0,0.03590798106736251
0,0.0
1,0.7120109642663777
0,0.0
0,0.0
0,0.0
0,0.0
0,0.0
0,0.013403821557359587
0,0.01131061931553984
0,0.0
0,0.0
0,0.008373579652440422
0,0.0
0,0.0
0,0.0
0,0.0
0,0.0
0,0.003275592548091917
0,0.0
0,0.0
0,0.0
0,0.0
0,0.006896966779008187
0,0.30758793009242275
0,0.0
0,0.0
0,0.0
0,0.0
0,0.0
0,0.0
0,0.28274421258548893
0,0.0
0,0.0
0,0.01370046747189625
0,0.0
0,0.0
0,0.0
0,0.0
0,0.0
0,0.0
0,0.22923086890877348
0,0.0
0,0.0
0,0.0
0,0.0
0,0.0
0,0.0
0,0.13621694663471254
0,0.03390584700764962
0,0.0
0,0.0700967325203327
0,0.0
0,0.0
0,0.0
0,0.0
0,0.0
0,0.0
0,0.1406332202632797
0,0.0063278600528609875
0,0.0
0,0.0
0,0.0
0,0.0
0,0.0
0,0.0
0,0.0
0,0.01388319636084468
0,0.0
0,0.0
0,0.0
0,0.0
0,0.0
0,0.0
0,0.0
0,0.0
0,0.0
0,0.13075770624427677
0,0.0
0,0.0033376253727297423
0,0.052334838395519306
0,0.0
0,0.03665557189436179
0,0.0
0,0.0
0,0.0
0,0.0
0,0.0
0,0.0
0,0.0
0,0.0
0,0.0
0,0.0
0,0.0
0,0.0
0,0.0
0,0.0
0,0.0
0,0.0
0,0.0
0,0.0
0,0.0
0,0.0
0,0.022800051235251077
0,0.0
0,0.0
0,0.0
0,0.0
0,0.0
0,0.0
0,0.008064516129032258
0,0.0
0,0.007865038744237138
0,0.0
0,0.0
0,0.0
0,0.08796556232006404
0,0.005146972761247829
0,0.022081821531152176
0,0.0
0,0.0
0,0.0
0,0.0
0,0.00698895162399152
0,0.0
0,0.0
1,0.20161290322580644
0,0.007389347336834209
0,0.0
0,0.0
0,0.0
0,0.0
0,0.010929557153298302
0,0.0
0,0.0
0,0.0
0,0.0
0,0.0
0,0.0
0,0.0
0,0.0
0,0.0
0,0.0
0,0.0
0,0.0
0,0.0
0,0.0
0,0.0
0,0.0
0,0.0
0,0.022892473833647023
0,0.0
0,0.0
0,0.0
0,0.007180483848183406
0,0.0
0,0.008064516129032258
0,0.0
0,0.0
0,0.2531932293731906
0,0.0
0,0.0
0,0.0
0,0.0
0,0.0
0,0.0
0,0.0
0,0.0
0,0.01638182425903336
0,0.0
0,0.004005935283881364
0,0.0
0,0.0
0,0.0
0,0.0
0,0.0
0,0.0
0,0.007213431196020387
0,0.0
0,0.0
0,0.0
0,0.0
0,0.0
1,0.924702450742393
0,0.0
0,0.0
0,0.0
0,0.0
0,0.0
0,0.022656274151159183
0,0.0
0,0.0
0,0.006585325087748622
0,0.0
0,0.005189448204317541
0,0.0
0,0.0
0,0.0
0,0.0
0,0.0
0,0.0764813812368135
0,0.18692562199464863
0,0.0
0,0.10843502765611453
0,0.0
0,0.0048530308536652985
0,0.0
0,0.0
0,0.0
0,0.0
0,0.30094661373412207
0,0.0
0,0.0
0,0.0
0,0.0
0,0.0
0,0.0
0,0.004282236327275894
0,0.0
0,0.0
0,0.0
0,0.0
0,0.0
0,0.0
0,0.0
0,0.006406087408949013
0,0.0
0,0.0
0,0.0
0,0.17250176456081703
0,0.0
0,0.0
0,0.0
0,0.0
0,0.0
0,0.0
0,0.0
0,0.0
0,0.0
0,0.04747758905208602
0,0.04838709677419355
0,0.0
0,0.0
0,0.08343398258000341
0,0.006647320826022408
0,0.0
0,0.0
0,0.0
0,0.0
0,0.0
0,0.0
0,0.0
0,0.0
0,0.0
0,0.0
0,0.0
0,0.0
0,0.0
0,0.013002442083030828
0,0.0
0,0.0
0,0.0
0,0.0
0,0.0
0,0.0
0,0.006634988273239828
0,0.5384164060095149
0,0.0
0,0.0
0,0.0
0,0.0
0,0.0
0,0.0
0,0.0
0,0.0
0,0.0
0,0.0
0,0.0
0,0.0
0,0.0
0,0.0
0,0.0
0,0.0
0,0.0
0,0.0
0,0.0
0,0.0
0,0.0
0,0.0
0,0.0
0,0.0
0,0.0
0,0.0
0,0.0
0,0.0
0,0.0
0,0.0
0,0.013496920971859694
0,0.0
0,0.0
0,0.0
0,0.0
0,0.0
0,0.0
0,0.0
0,0.0
0,0.0
0,0.16178081432267372
0,0.0
1,0.5796921716193806
0,0.0
0,0.2242518862984208
0,0.0
0,0.0
0,0.0
0,0.0
0,0.0
0,0.0
0,0.0
0,0.0
0,0.0
0,0.0
0,0.0
0,0.0
0,0.0
0,0.0
0,0.0
0,0.0
1,0.8985962447996877
0,0.0
0,0.0
0,0.004898395023734254
0,0.0
0,0.0
0,0.006166522523509685
0,0.009562209121879937
0,0.03818405755232767
0,0.0
0,0.0
0,0.015453863465866469
0,0.0
0,0.0
0,0.01213592438523935
0,0.0
0,0.0
0,0.0
0,0.0
0,0.0
0,0.0
0,0.0
0,0.0
0,0.03418532044064471
0,0.0
0,0.0
0,0.1155698502542458
0,0.0
0,0.0
0,0.0
0,0.0
0,0.0
0,0.0
0,0.0
0,0.0
0,0.0
0,0.1030476533107042
0,0.0
0,0.012201331522703023
0,0.0
0,0.0
0,0.0
0,0.016129032258064516
1,0.716389604879057
0,0.0
0,0.0
0,0.0
0,0.0
0,0.0
0,0.0
0,0.016464484711894746
0,0.2652893067373698
0,0.0
0,0.0
0,0.0
0,0.0
0,0.0
0,0.013416318798971372
0,0.07972744348475404
0,0.0
0,0.015312019739307223
0,0.0
0,0.0
0,0.0
0,0.0
0,0.0
0,0.0
0,0.0880550049835618
0,0.0
0,0.0
0,0.0
0,0.0
0,0.0
0,0.0
0,0.0
0,0.0
0,0.0
0,0.0
0,0.0
0,0.0
0,0.0
0,0.0
0,0.0
0,0.007331166822137495
0,0.0
0,0.0
0,0.019569796823649958
0,0.0
0,0.0
0,0.0
0,0.0
0,0.0
0,0.005889311222487582
0,0.0
0,0.0
0,0.0
0,0.02815693856393991
0,0.1622207565183563
0,0.0
0,0.010948589816598749
0,0.0
0,0.0
0,0.007670990093982336
0,0.0
0,0.0
0,0.0855491855650899
0,0.0
1,0.9091755293138136
0,0.0
0,0.0
0,0.0
0,0.0
0,0.0
0,0.0
0,0.0
0,0.02756313560845118
0,0.0
0,0.0
0,0.0
0,0.0
0,0.0
0,0.14743044008276998
0,0.006166522523509685
0,0.0
0,0.0
0,0.0
0,0.23585793641594693
0,0.0
1,0.9066781256579023
0,0.1270736868814155
0,0.0
0,0.0
0,0.0
0,0.0
0,0.0
0,0.0
0,0.0
0,0.0
0,0.0
0,0.0
0,0.03157635814182304
0,0.0
0,0.0
0,0.0
0,0.022762088493286183
0,0.0
0,0.05894322103742259
1,0.49264689613690926
0,0.009251959420315313
0,0.0
0,0.0
0,0.0
0,0.01600680443548387
0,0.004282236327275894
0,0.0
0,0.0
0,0.0
0,0.0
0,0.0
0,0.0
0,0.0
0,0.0
0,0.0
0,0.0
0,0.006585325087748622
0,0.0
0,0.03225806451612903
0,0.0
0,0.13283100545763504
0,0.0
0,0.0
0,0.0
0,0.0
0,0.0
0,0.06468430784304502
0,0.0
0,0.0
0,0.0
0,0.15512809198332742
0,0.0
0,0.0
0,0.23987909424757822
0,0.296399457798521
0,0.0
0,0.0
0,0.0
0,0.0
0,0.020448215243299185
0,0.06094885358256126
0,0.0
0,0.0
0,0.0
0,0.0
0,0.005403491565992383
0,0.0
0,0.0
0,0.0
0,0.0
0,0.0
0,0.0
0,0.0
0,0.0
0,0.0
0,0.007280241357961948
0,0.0
0,0.0
0,0.0
0,0.0
0,0.0
0,0.0
0,0.0
0,0.03384129290760832
0,0.0
0,0.0
0,0.0
0,0.0
0,0.0
0,0.0
0,0.0
0,0.0
0,0.0
0,0.0
0,0.008064516129032258
0,0.0
0,0.08004132160718098
0,0.0
0,0.003275592548091917
0,0.011815821422772259
0,0.0
0,0.0
0,0.0
0,0.0056359513428639926
0,0.0
0,0.0
0,0.0
0,0.0
0,0.0
0,0.0
0,0.11824065100256813
0,0.0
0,0.0
0,0.0
0,0.0
0,0.0
0,0.0076675782891636925
0,0.03416329436964921
0,0.0
0,0.0
0,0.013971712483674839
0,0.0
0,0.144899086869352
0,0.0
0,0.0
0,0.0
0,0.0
0,0.0
0,0.0
0,0.48320929169338256
0,0.0
0,0.0063278600528609875
0,0.0
0,0.0
0,0.0
0,0.0
0,0.0
0,0.0
0,0.0
0,0.0
0,0.0
0,0.0
0,0.025497387628839525
0,0.15195970493415997
0,0.0
0,0.0
0,0.0
0,0.0
0,0.0
0,0.011266831634515449
0,0.0
0,0.0
0,0.0
0,0.003012007890571839
0,0.0
0,0.0
0,0.0
0,0.09176804742030037
0,0.0
0,0.0
0,0.0
1,0.5392473645045108
0,0.0
0,0.004898395023734254
0,0.0023363377609108204
0,0.0
0,0.1515530963599838
0,0.0
0,0.03468823310573397
0,0.0
0,0.0
0,0.004164376611846283
0,0.10939495053083512
0,0.16771964118207777
0,0.0
0,0.0
0,0.0
0,0.0
0,0.0
0,0.0
0,0.0
0,0.0
0,0.0
0,0.0
0,0.0
0,0.0
0,0.0
0,0.0
0,0.0
0,0.04032258064516129
0,0.0
0,0.0
0,0.009354277577788178
0,0.007823710198751782
0,0.0
0,0.0
0,0.0
0,0.0
0,0.0
0,0.04991693732897176
0,0.0
0,0.0
0,0.0
0,0.0
0,0.0
0,0.0
0,0.0
0,0.0
0,0.0
0,0.0
0,0.0
0,0.018507113348526883
0,0.0
0,0.0
0,0.0
0,0.12094642316057769
0,0.0
0,0.0
0,0.0
0,0.0
0,0.0
0,0.0
0,0.0
0,0.0617558784456977
0,0.0
0,0.0
0,0.0
0,0.0
0,0.0
0,0.0
0,0.0
0,0.0
0,0.0
0,0.0
0,0.0
0,0.0
0,0.0
0,0.011592202240601293
0,0.0
0,0.0
0,0.006511323276921838
0,0.0036144951405312057
0,0.009483127580105936
0,0.05952085492023959
0,0.0
0,0.0
0,0.00728024135796195
0,0.0
0,0.0
0,0.0
0,0.3343954844049234
0,0.0
0,0.0
0,0.15759325118406456
0,0.23985995534608084
0,0.0
0,0.0
0,0.006026971462137161
0,0.0
0,0.0
0,0.0076523364939842424
1,0.860023157914937
0,0.0
0,0.0
0,0.0
0,0.0
0,0.0
0,0.0
0,0.0
0,0.004898395023734254
0,0.08406896660021362
0,0.0
0,0.0
0,0.0
0,0.0
0,0.0
0,0.0
0,0.0
0,0.0
1,0.827800358218568
0,0.0
0,0.0
0,0.0
0,0.0
0,0.016129032258064516
0,0.0
0,0.32579279833275804
0,0.0063278600528609875
0,0.013953827351519843
0,0.0
0,0.0
0,0.17786286594908035
0,0.0
0,0.006593247961773181
0,0.0
0,0.0
0,0.0
0,0.0
0,0.0
0,0.0
0,0.007670990093982336
0,0.0
0,0.0
0,0.0
0,0.0
0,0.0
0,0.0
0,0.20332610893005115
0,0.0
0,0.008064516129032258
0,0.01946665763079426
0,0.08770547841114762
0,0.0
1,0.1926872294066419
0,0.0
0,0.0
0,0.0
0,0.0
0,0.0
0,0.0
0,0.0
0,0.0
0,0.0
0,0.0
0,0.0036144951405312057
0,0.0
0,0.12801449365742873
0,0.4744318052982638
0,0.09704896264977998
0,0.11284164522985426
0,0.0
0,0.0840499980468329
0,0.0
0,0.0
0,0.005759846477200036
0,0.0
0,0.0
0,0.02302064047956963
0,0.0
0,0.1426177231688352
0,0.0
0,0.009519375090314785
0,0.0
0,0.0
0,0.0
0,0.0
0,0.00412686897469273
0,0.0
0,0.0
0,0.0
0,0.0
0,0.17773935026353244
0,0.0
0,0.0
0,0.0
0,0.0
0,0.0
0,0.0
0,0.0
0,0.0
0,0.026945638796291832
0,0.02972921740523629
0,0.0
0,0.006593247961773181
0,0.0
0,0.0
0,0.0
0,0.0
0,0.0
0,0.0
0,0.0
0,0.0
0,0.0
0,0.0
0,0.0
0,0.0
0,0.0
0,0.0
0,0.016129032258064516
0,0.12831568943681945
0,0.0
0,0.0
0,0.0
0,0.21810768924395502
0,0.0
0,0.01588822632778404
0,0.0
0,0.0
0,0.0
0,0.15563143561672785
0,0.0
0,0.0
0,0.005823859436444813
0,0.0
0,0.0
0,0.0
0,0.0
0,0.0
0,0.0
0,0.0
0,0.0
0,0.0
0,0.0
0,0.0
0,0.0
0,0.0
1,0.5363588329243314
0,0.0
0,0.0
0,0.0
0,0.0
0,0.0
0,0.0
0,0.0
0,0.0
0,0.0
0,0.0
0,0.0
0,0.0
0,0.22259279286602304
0,0.0
0,0.0
0,0.0
0,0.0
0,0.0
0,0.01398710804995161
0,0.0
0,0.0
0,0.0
0,0.0
0,0.0
0,0.0
0,0.0
0,0.0
0,0.0
0,0.0
0,0.0
0,0.04381994405935287
0,0.0
0,0.0
0,0.0
0,0.09438231771214749
0,0.024193548387096774
0,0.015829731247505828
0,0.04182527088267522
0,0.0
0,0.0
0,0.0
0,0.0
0,0.0
0,0.0
0,0.0
0,0.0
0,0.0
1,0.20076557028980108
0,0.3504215537241999
0,0.0
0,0.0
0,0.08809391178330737
0,0.0
0,0.2891812757223538
0,0.287185225219773
0,0.0
0,0.0
0,0.08143373702921444
0,0.0
0,0.1299492133089305
0,0.0
0,0.08091423623423612
0,0.0
0,0.010191348073983442
0,0.0
0,0.0
0,0.0
0,0.14432371215875828
0,0.10446801953184727
0,0.0
0,0.03225806451612903
0,0.015193736410488814
0,0.04116502383963761
0,0.0
0,0.0
0,0.0
0,0.0
0,0.0
0,0.0
0,0.0
0,0.0
0,0.0
0,0.0
0,0.0
0,0.0
0,0.0
0,0.0
0,0.0
0,0.0
0,0.0
0,0.0
0,0.0
0,0.07677958636102454
0,0.0
0,0.0
0,0.2362925942926331
0,0.0
0,0.0
0,0.0
0,0.09928461284250922
0,0.0
0,0.0
0,0.3300861851495181
0,0.005517273978214518
0,0.0
0,0.0
0,0.0
0,0.0
0,0.0
0,0.0
0,0.0
0,0.0
0,0.0
0,0.0
0,0.0
0,0.0
0,0.0
0,0.0
0,0.0
0,0.0
0,0.07024728776606873
0,0.048331702314438646
0,0.0
1,0.7495147384245582
0,0.0
0,0.0
0,0.0
0,0.0
0,0.0
0,0.0
0,0.0
0,0.0
0,0.0
0,0.0
0,0.0
0,0.0
0,0.14474703509820944
0,0.0
0,0.0
0,0.0
0,0.0
0,0.006634988273239828
0,0.0
0,0.0
0,0.0
0,0.0
0,0.0
0,0.0
0,0.0
0,0.0
0,0.008064516129032258
0,0.0
0,0.0
0,0.0
0,0.0
0,0.0
0,0.0
0,0.08484992183322203
0,0.0
0,0.0
0,0.0
0,0.0
0,0.2295215072437988
0,0.0
0,0.02485287217037437
0,0.0
0,0.0
0,0.0
0,0.0
0,0.0
0,0.0
0,0.0
0,0.0
0,0.0
0,0.0
0,0.10783280693306815
0,0.0
0,0.0
0,0.0
0,0.0
0,0.0
0,0.0
0,0.0
0,0.0
0,0.23767675920088283
0,0.0
0,0.30688948319143705
0,0.0
0,0.0
0,0.0
0,0.0
0,0.0
0,0.0
0,0.0
0,0.0054597900280655585
0,0.0
0,0.0
0,0.08352880896421538
0,0.0
0,0.024193548387096774
0,0.049590527818381615
0,0.0
0,0.0
0,0.0
0,0.0
0,0.0
0,0.047114839557083184
0,0.0
0,0.006691471125712888
0,0.056451612903225805
0,0.007596868205244405
0,0.0
0,0.0
0,0.00728024135796195
0,0.0
0,0.0
0,0.0
0,0.0
0,0.0
0,0.0
0,0.0
0,0.0
0,0.0
0,0.09119082878140848
0,0.0
1,0.9657109524902969
0,0.010488982196529283
0,0.0
0,0.0
0,0.0
0,0.0
0,0.0
0,0.0
0,0.0
0,0.0
0,0.09540076801788151
0,0.0
0,0.3687777248136968
0,0.0
0,0.0
0,0.0
0,0.0
0,0.0
0,0.0
0,0.0
0,0.0
0,0.18485758136126063
0,0.0
0,0.16495164773592522
0,0.0
0,0.0
0,0.0
0,0.0
0,0.0
0,0.0
0,0.0
0,0.2597110635445471
0,0.0
0,0.0
0,0.0
0,0.009625407877583043
0,0.0
0,0.0
0,0.0
0,0.0
0,0.0
0,0.0
0,0.0
0,0.0
0,0.0
0,0.0
0,0.0
0,0.0
0,0.0
0,0.08676286704535846
0,0.0
0,0.0
0,0.0
0,0.0
0,0.0
0,0.0
0,0.0
0,0.09612964785499666
0,0.0
0,0.0
0,0.0
0,0.0
0,0.0
0,0.09481598736665744
0,0.0
0,0.07012856767486461
0,0.0
0,0.0
0,0.0
0,0.11415718563346024
0,0.0
0,0.0069889516239915175
0,0.0
0,0.0
0,0.0
0,0.0
0,0.0
0,0.0
0,0.0
1,0.28496415154991644
0,0.022936404048782385
0,0.0
0,0.0
0,0.0
0,0.0
0,0.0555450921156697
0,0.0
0,0.0
0,0.11740824094083849
0,0.0
0,0.392660366393033
0,0.0
0,0.0
0,0.0
0,0.0
0,0.0
0,0.0
0,0.0
0,0.03646023057486227
0,0.0
0,0.07373060632687976
0,0.0048530308536652985
0,0.0
0,0.0
0,0.0
0,0.0
0,0.0
0,0.008064516129032258
0,0.0
0,0.0
0,0.12018346716441357
0,0.0
0,0.0
0,0.0
0,0.0
0,0.0
0,0.0
0,0.0
0,0.0
0,0.0
0,0.0
0,0.0
0,0.0
0,0.0
0,0.0
0,0.0
0,0.0
0,0.09812876718875574
0,0.0
0,0.0
0,0.0
0,0.0
0,0.0
0,0.09180817785982695
0,0.011832424327486513
0,0.0
0,0.020200440514271608
0,0.0
0,0.0
0,0.0
0,0.0
0,0.0
0,0.0
0,0.0
0,0.0
0,0.0
0,0.0
0,0.0
0,0.0
1,0.2352147634205428
0,0.0
0,0.0
0,0.007488309540555438
0,0.0
0,0.0
0,0.0
0,0.0
0,0.18230709782437096
0,0.0
0,0.0
0,0.0
0,0.021089362137547318
0,0.08837211013271494
0,0.0
0,0.0
0,0.22977998700789962
0,0.0
0,0.0
0,0.0
0,0.0
0,0.0
0,0.0
0,0.0
0,0.0
0,0.0
0,0.28880262350097796
0,0.0
0,0.0
0,0.0
0,0.0
0,0.0
0,0.2777116701223441
0,0.0
0,0.32057877001866797
0,0.020051191318409222
0,0.0
0,0.003275592548091917
0,0.0
0,0.0
0,0.0
0,0.0
0,0.0
0,0.0
0,0.0
0,0.0
0,0.0
0,0.0
0,0.3257576958984227
0,0.0
0,0.11728204961834414
0,0.0
0,0.0
0,0.0
0,0.0
0,0.0
0,0.04838709677419355
0,0.006647320826022408
0,0.0
0,0.0
0,0.05249385681507173
0,0.0
0,0.010488982196529283
0,0.016129032258064516
0,0.0
0,0.0
0,0.007188731572033281
0,0.006094801578092365
0,0.0
0,0.0
0,0.5752662982795843
0,0.0
0,0.0
0,0.11042873415150019
0,0.0
0,0.0
0,0.0
1,0.42858016287914147
0,0.0
0,0.0
0,0.0
0,0.04981624835611208
0,0.0
0,0.0
0,0.0
0,0.0
0,0.013924728258105394
0,0.0
0,0.0
0,0.0
0,0.0
0,0.0
0,0.0
0,0.056451612903225805
0,0.0
0,0.0
0,0.0
0,0.176422143380629
0,0.0
0,0.0
0,0.0
0,0.0
0,0.0
0,0.0
0,0.26056985694784646
0,0.0059225919209193525
0,0.0
0,0.004898395023734254
0,0.00680737179071787
0,0.0
0,0.29583072743220995
0,0.0
0,0.0
0,0.0
0,0.0
0,0.0
0,0.0
0,0.0
0,0.0
0,0.0
0,0.0
0,0.0
0,0.0
0,0.0
0,0.0
0,0.0
0,0.0
0,0.0
0,0.0
0,0.004898395023734254
0,0.0
0,0.0
0,0.0
0,0.0
0,0.1336550510231211
0,0.0
0,0.0
0,0.0
0,0.0
0,0.0
0,0.013520552413688252
0,0.0
0,0.0
0,0.009562209121879937
0,0.016129032258064516
0,0.0
0,0.0
0,0.0
0,0.005403491565992383
0,0.0
0,0.0
0,0.003012007890571839
0,0.007382809754726265
0,0.0
0,0.014264238055755517
0,0.0
0,0.0
0,0.0
0,0.0
0,0.0
0,0.0
0,0.1540167900726161
0,0.0
0,0.0
0,0.0
0,0.0
0,0.0
0,0.0
0,0.0
0,0.0
0,0.0
0,0.0
0,0.0
0,0.0
0,0.0
0,0.0
0,0.0
0,0.0
0,0.0
0,0.0
0,0.0
0,0.007596868205244407
0,0.0
0,0.0
0,0.0
0,0.0
0,0.0
0,0.0069889516239915175
0,0.0
0,0.0
0,0.0
0,0.010099150788202987
0,0.0
0,0.0
0,0.006634988273239828
0,0.007823710198751782
0,0.0
0,0.0
0,0.0
0,0.008064516129032258
0,0.0
0,0.0
0,0.03137066144284044
0,0.0
0,0.005889311222487582
0,0.0
0,0.0
0,0.0
0,0.0
0,0.008064516129032258
0,0.007880672742721776
0,0.0
0,0.11941598625711079
0,0.0
0,0.03495582656745443
0,0.0
0,0.0
0,0.10685883096595586
0,0.041016281766447345
0,0.0
0,0.0033376253727297423
0,0.0
0,0.0
0,0.018297922632938026
0,0.0
0,0.0
0,0.0
0,0.0
0,0.0
0,0.016129032258064516
0,0.0
0,0.0
0,0.0
0,0.0
0,0.05443291669239657
0,0.0
0,0.008373579652440422
0,0.0
0,0.0
0,0.0
0,0.0
0,0.0
0,0.0
0,0.06434305455872316
0,0.0
0,0.0073056153442262696
0,0.0
0,0.19430262666806075
0,0.0
0,0.0
0,0.0
0,0.0
0,0.005517273978214513
0,0.0
0,0.0
0,0.0
0,0.18634953542189617
0,0.0
0,0.0
0,0.0
0,0.0
0,0.0
0,0.0
0,0.01588822632778404
0,0.0
0,0.0059225919209193525
0,0.0
0,0.0
0,0.0
0,0.0033376253727297423
0,0.0
0,0.0
0,0.0
0,0.005556273837998573
0,0.0
0,0.0
0,0.00728024135796195
0,0.0
0,0.006988951623991521
0,0.0
0,0.0
0,0.0
0,0.0
0,0.0
0,0.0
0,0.0
0,0.0
0,0.0
0,0.0
0,0.0
0,0.014628542026999678
0,0.007060931899641578
0,0.0
0,0.0
0,0.059763945702877644
0,0.0
0,0.0
0,0.0
0,0.0
0,0.24400521649356424
0,0.0
0,0.0
0,0.0
0,0.0
0,0.0
0,0.0
0,0.0
0,0.0
0,0.0
0,0.0
0,0.0
0,0.0
0,0.019430575937113767
0,0.0
0,0.08502319045752005
0,0.0
0,0.0
0,0.0
0,0.017299283616539592
0,0.3729161070812515
0,0.0
0,0.0
0,0.0
0,0.0
0,0.13800328624005467
0,0.0
0,0.006552029538707182
0,0.0
0,0.0
0,0.0
0,0.0
0,0.0
0,0.0
0,0.0
0,0.0
0,0.0
0,0.0
0,0.0
0,0.2296041052749047
0,0.0
0,0.0
0,0.0
0,0.0
0,0.0
0,0.0
0,0.0
0,0.0
0,0.0
0,0.0340479175517417
0,0.27213524247663373
0,0.11303695525140953
0,0.0
0,0.0
0,0.0
0,0.16564219130993837
0,0.0
0,0.037776183209854625
0,0.01744476245386262
0,0.0
0,0.08049360752008482
0,0.0
0,0.008064516129032258
0,0.0
0,0.0
0,0.007348300669037731
0,0.0
0,0.0
0,0.0
0,0.0
0,0.0
0,0.11949905343505439
0,0.0
0,0.030983423516594753
0,0.0
0,0.0
0,0.0
0,0.0
0,0.0
0,0.0
0,0.0
0,0.007213431196020387
0,0.005478309232480537
0,0.009495617140099156
0,0.24984400376127638
0,0.0
0,0.0
0,0.23580164605342827
0,0.0
0,0.0
0,0.0036144951405312057
0,0.0
0,0.0
0,0.0
0,0.0
0,0.0
0,0.0
0,0.0
0,0.0
0,0.0
0,0.0
0,0.0
0,0.136480546225149
0,0.30519037598743637
0,0.0
0,0.0
0,0.0
0,0.0
0,0.0
0,0.0
0,0.0
0,0.0
0,0.0
0,0.0074351854254794516
0,0.0
0,0.06767573460454819
0,0.0
0,0.007823710198751782
0,0.0
0,0.0
0,0.0
0,0.0
0,0.0
0,0.007862840852009435
0,0.0054597900280655585
0,0.0
0,0.0
0,0.0
0,0.0
0,0.0
0,0.0
0,0.0
0,0.0
0,0.0
0,0.0
0,0.0
0,0.0
0,0.0
0,0.2526507265344037
0,0.0
0,0.0
0,0.0
1,0.824945833031336
0,0.0
0,0.0
0,0.021777537550271626
0,0.0
0,0.0
0,0.0
0,0.0
0,0.0
0,0.003275592548091917
0,0.0
0,0.007287659070730986
0,0.0
0,0.0
0,0.0
0,0.0
1,0.7729623094624687
0,0.0
0,0.0
0,0.0
0,0.0
0,0.0
0,0.0
0,0.0
0,0.0
0,0.010557964822588545
0,0.0
0,0.0
0,0.0
0,0.0
0,0.0
0,0.1279360443165076
0,0.0
0,0.0
0,0.042894588431088156
0,0.0
0,0.0
0,0.0
0,0.0
0,0.0
0,0.0
0,0.014663051112688213
0,0.0
0,0.0
0,0.0
0,0.0
0,0.0
0,0.0
0,0.0
0,0.0
0,0.0
0,0.0
0,0.0673514016518298
0,0.0
1,0.9415725691403266
0,0.0
0,0.0
0,0.0
0,0.0
0,0.0
0,0.003012007890571839
0,0.0
0,0.0
0,0.0
0,0.0
0,0.1289861985034407
0,0.008064516129032258
0,0.011740220723021009
0,0.0
0,0.005889311222487582
0,0.0
0,0.015571125943500495
0,0.0
0,0.0
0,0.0
0,0.0
0,0.048905513686119256
0,0.0
0,0.0
0,0.0
0,0.0
0,0.0
0,0.0
0,0.0
0,0.0
0,0.0
0,0.0
0,0.0
0,0.006585325087748622
0,0.0
0,0.0
0,0.0
0,0.0
0,0.0
0,0.0
0,0.0
0,0.0
0,0.0
0,0.0
0,0.15393217774743911
0,0.0
0,0.0
0,0.0
0,0.0
0,0.0
0,0.0
0,0.0
0,0.0
0,0.0
0,0.0
0,0.1451859836467104
0,0.0063278600528609875
0,0.0
0,0.0
0,0.0
0,0.004898395023734254
0,0.03655274199705242
0,0.0
0,0.0
0,0.0
0,0.0
0,0.0
0,0.0
0,0.008064516129032258
0,0.0
0,0.0
0,0.0
0,0.0
0,0.0
0,0.0
0,0.0
0,0.0
0,0.07330801508026037
0,0.021672617539855193
0,0.0
0,0.12795690866596052
0,0.0
0,0.0
0,0.0
0,0.0
0,0.0
0,0.013894133031648104
0,0.009562209121879937
0,0.0
0,0.0
0,0.06951194909117978
0,0.0
0,0.0
0,0.03003182593307032
0,0.014020767026769583
0,0.0
0,0.042701812457589625
0,0.0
0,0.0
0,0.0
0,0.0
0,0.0
0,0.0
0,0.0
0,0.0
0,0.0
0,0.0
0,0.0
0,0.0
0,0.006691471125712888
0,0.0
0,0.0
0,0.006896966779008187
0,0.0
0,0.0
0,0.0
0,0.0
0,0.0
0,0.0
0,0.0
0,0.0
0,0.007083423238752834
0,0.0
0,0.0
0,0.0
0,0.012718400002901751
0,0.0
0,0.0
0,0.0
0,0.006094801578092366
0,0.0
0,0.0
0,0.0
0,0.0
0,0.0
0,0.0
0,0.0
0,0.0
0,0.0
0,0.0
0,0.40927592127154316
0,0.0
0,0.0
0,0.007708620740262409
0,0.0
0,0.007280241357961948
0,0.0
0,0.0
0,0.0
0,0.0
0,0.1350727577689502
0,0.0
0,0.18319682456453656
1,0.7471509728124829
0,0.0
0,0.0
0,0.0
0,0.0
0,0.008064516129032258
0,0.0
0,0.0
0,0.0
0,0.0
0,0.0
0,0.0
0,0.0
0,0.0
1,0.643471106670004
0,0.0
0,0.0
0,0.0
0,0.0
0,0.0
0,0.0
0,0.0
0,0.0
0,0.0
0,0.0
0,0.12047490847315419
0,0.0
0,0.0
0,0.01451518132446467
0,0.0
0,0.0
0,0.0
0,0.0
0,0.006552029538707183
0,0.0
0,0.0
0,0.0
0,0.0
0,0.0
0,0.0
0,0.0
0,0.0
0,0.0
0,0.0
0,0.0
0,0.0
0,0.0
0,0.0
0,0.007547314382039693
0,0.0
0,0.0
0,0.0
0,0.029533893631201093
0,0.0
0,0.0
0,0.0795000621890328
1,0.5470268515632518
0,0.0
0,0.0
0,0.0
0,0.0
0,0.0
0,0.0
0,0.0
0,0.1212292137936797
0,0.0
0,0.009562209121879937
0,0.0
0,0.20727568430497756
0,0.0
0,0.0048530308536652985
0,0.0
0,0.06135262413244011
0,0.0
0,0.0
0,0.0
0,0.023731563417924994
0,0.0
0,0.0
0,0.0
0,0.0
0,0.0
0,0.0
0,0.0
0,0.0
0,0.012788684369062902
0,0.008064516129032258
0,0.0
0,0.0
0,0.1083933612969319
0,0.0
0,0.0
0,0.0
0,0.016594698518555096
0,0.0
0,0.0
0,0.0
0,0.0
0,0.0
0,0.0
0,0.0
0,0.0
0,0.0036144951405312057
0,0.0033376253727297423
0,0.0
0,0.05296382950610943
0,0.0
0,0.0
0,0.013789784489429325
0,0.0
0,0.0
0,0.021986828283063732
1,0.7219385590667033
0,0.0
0,0.0
0,0.0
0,0.008064516129032258
0,0.02011192647789654
0,0.0
0,0.0
0,0.0
0,0.0
0,0.0
1,0.7355847548233144
0,0.0
0,0.0
0,0.0
0,0.0
0,0.0
0,0.046589375460890606
0,0.0
0,0.0
0,0.0
0,0.0
0,0.0
0,0.0
0,0.0
0,0.0
0,0.0
0,0.0
0,0.006166522523509686
0,0.03420007342637348
0,0.28578519859572654
0,0.0
0,0.0
0,0.10763902580387835
0,0.0
0,0.0
0,0.2027620978839513
0,0.0
0,0.0
1,0.4463418263309004
0,0.0
0,0.0
0,0.01287988959156817
0,0.0
0,0.0
0,0.0
0,0.0
0,0.10144101310059987
0,0.0
0,0.0
0,0.0
0,0.0
0,0.0
0,0.0
0,0.0
0,0.5074642037587276
0,0.0
0,0.0
0,0.0
0,0.0
0,0.0
0,0.0
0,0.0
0,0.0
0,0.0
0,0.0
0,0.0
0,0.0
0,0.008064516129032258
0,0.0
0,0.0
0,0.0
0,0.0
0,0.0
0,0.0
0,0.0
0,0.0
0,0.0
0,0.0
0,0.0
0,0.0
0,0.0
0,0.13554172205282025
0,0.0
0,0.0
0,0.0
0,0.0
0,0.0
0,0.0
0,0.0
0,0.0
0,0.003275592548091917
0,0.0
0,0.0
0,0.0
0,0.0
0,0.0
0,0.0
0,0.0
0,0.0
0,0.0
0,0.0
0,0.023203582592499133
0,0.0
0,0.0
0,0.0
0,0.0
0,0.030970067150112513
0,0.0
0,0.0
0,0.07869485095365022
0,0.0
0,0.0
0,0.0
1,0.3916137837320094
0,0.008064516129032258
0,0.0
0,0.0
0,0.03181797578843669
0,0.0
0,0.0
0,0.0
0,0.0
0,0.02761636860484651
0,0.0
0,0.0
0,0.0
0,0.0
0,0.0
0,0.0
0,0.0
0,0.0
0,0.11922632905659894
0,0.0
0,0.0
0,0.0
0,0.0
0,0.0
0,0.0
0,0.0
0,0.0
0,0.0
0,0.0
0,0.0
0,0.0
0,0.04589656226397058
0,0.0
1,0.7559998095009814
0,0.0
0,0.0
0,0.0
0,0.0
0,0.0
0,0.0
0,0.0
0,0.0
0,0.08487772829934838
0,0.42416605734748886
0,0.0
0,0.021604431482820683
0,0.0
0,0.0
0,0.0
0,0.11086101207657093
0,0.0
0,0.0
0,0.0
0,0.0
0,0.0
0,0.0
0,0.0
0,0.20286459578862215
0,0.0
0,0.0
0,0.0
0,0.0
0,0.018649641389241713
0,0.0
0,0.0
1,0.9071781869860328
0,0.0
0,0.0
0,0.0
0,0.0
0,0.0
0,0.0
0,0.0
0,0.0
0,0.0
0,0.0
0,0.006593247961773181
0,0.0
0,0.29272968686452117
0,0.0
0,0.0
0,0.0
0,0.0
0,0.23706569231537783
0,0.0
0,0.0
0,0.0
0,0.0
0,0.0
0,0.004164376611846283
0,0.0
0,0.04451804688304723
0,0.0
0,0.0
0,0.0
0,0.0
1,0.9906964367388131
0,0.0
0,0.054423138898955455
0,0.0
0,0.0
0,0.010048520661004775
0,0.0
0,0.0
0,0.0
0,0.0
0,0.0
0,0.0
0,0.0
0,0.0
0,0.0
0,0.0
0,0.0
0,0.0
0,0.0
0,0.0
0,0.005478309232480537
0,0.006166522523509685
0,0.0
0,0.0
0,0.0
0,0.0
0,0.0
0,0.014718161322835913
0,0.014979677959970673
0,0.0
0,0.0
0,0.0
0,0.0
0,0.0
0,0.0
0,0.0
0,0.011281173759826516
0,0.0
0,0.0
0,0.0
0,0.0
0,0.3162727611986868
0,0.0
0,0.01035317640335725
0,0.0
0,0.0
0,0.0
0,0.024193548387096774
0,0.1785950254363923
0,0.0
0,0.0
0,0.0
0,0.0
0,0.0
0,0.0
0,0.05708152397108387
0,0.0
0,0.0
0,0.0064711196895340965
0,0.0
0,0.0
0,0.0
0,0.0
0,0.0
0,0.0
0,0.00412686897469273
0,0.0
0,0.0
0,0.0
0,0.0
0,0.0
0,0.0
0,0.0
0,0.0
0,0.0
0,0.0
0,0.0
0,0.0
0,0.0
1,0.8022666497183017
0,0.08476446035963801
0,0.08689296890623666
0,0.0
0,0.04032258064516129
0,0.0
0,0.0
0,0.07474424858329991
0,0.0
0,0.0
0,0.0
0,0.0
0,0.0
0,0.07636448412199232
0,0.0
0,0.0
0,0.10550060577546186
0,0.0
0,0.0
0,0.0
0,0.0
0,0.0
0,0.0
0,0.0
0,0.017377938927981965
0,0.013345779872443998
0,0.0
0,0.0
0,0.0
0,0.0
0,0.008064516129032258
0,0.0
1,0.5076790621820988
0,0.0
0,0.0
0,0.0
0,0.0
0,0.0
0,0.0
0,0.0
1,0.6369758064516129
0,0.0
0,0.004005935283881364
0,0.0
0,0.0
0,0.0
0,0.0
0,0.2925557902756559
0,0.0
0,0.0
0,0.007708620740262409
0,0.0
0,0.0
0,0.0
0,0.0
0,0.0
0,0.15366692517042177
0,0.0
0,0.0
0,0.0
0,0.0
0,0.0
0,0.0
0,0.0
0,0.0
0,0.0
0,0.0
0,0.005889311222487582
0,0.0
0,0.0
0,0.0
0,0.0
0,0.0
0,0.0
0,0.0
0,0.0
0,0.0
0,0.0
0,0.0
0,0.0
0,0.012191385103724988
0,0.0
0,0.012786272703805255
0,0.0
0,0.010452346608152082
0,0.0
0,0.0
0,0.0
0,0.02157592268923526
0,0.0
0,0.0
0,0.0
0,0.0
0,0.0
0,0.0
0,0.0
0,0.0
0,0.0
0,0.0
0,0.0
0,0.0
0,0.0
0,0.0
0,0.0
0,0.12572653866868966
0,0.0
0,0.013345779872443998
0,0.0
0,0.0
0,0.0
0,0.0
0,0.0
0,0.03225806451612903
0,0.0
0,0.0
0,0.0
0,0.0
0,0.11376363588179864
0,0.0
0,0.0
0,0.007124258643136123
0,0.0
0,0.0
0,0.14735900550013092
0,0.0
0,0.0
0,0.0
0,0.0
0,0.03153519966215787
0,0.0
0,0.0
0,0.0
0,0.0
0,0.0
0,0.0
0,0.0
0,0.0
0,0.0
0,0.0
0,0.0
0,0.0
0,0.0
0,0.0410693300944191
0,0.0
0,0.0
0,0.0
0,0.009514617129806889
0,0.036620951731551145
0,0.36980741893620084
0,0.0
0,0.0
0,0.08750430548865847
0,0.07839523854555763
0,0.0
0,0.0
0,0.0
0,0.0
0,0.0
0,0.0
0,0.0
0,0.0
0,0.0
0,0.0
0,0.0
0,0.11789222765743848
0,0.0
0,0.0
0,0.0
0,0.004164376611846283
0,0.007596868205244407
0,0.0
0,0.0
0,0.0
0,0.0
0,0.0
0,0.0
0,0.0
0,0.0
0,0.0
0,0.0
0,0.0
0,0.0
0,0.0
0,0.0
0,0.0
0,0.016129032258064516
0,0.0
0,0.0
0,0.0
0,0.0
0,0.0
0,0.0
0,0.013262097394339534
0,0.0033376253727297423
0,0.0
0,0.10466781119954097
0,0.0
0,0.0
0,0.0
0,0.03141892072004452
0,0.0
0,0.0
0,0.0
0,0.0
0,0.0
0,0.0
0,0.0
0,0.0
0,0.0
0,0.0
0,0.0
0,0.008064516129032258
0,0.0
0,0.0
0,0.033357211441292264
0,0.0
0,0.006511323276921838
0,0.0068518764118474535
0,0.23360068374869913
0,0.06203443236209529
0,0.0
0,0.0
0,0.0
0,0.0
0,0.038555350176809305
0,0.0
0,0.0
0,0.06036549602302977
0,0.0
0,0.08411855437674115
0,0.0
0,0.006807371790717868
0,0.0
0,0.0
0,0.0
0,0.0
0,0.0
0,0.14403896996299975
0,0.0
0,0.0
0,0.0
0,0.0
0,0.0
0,0.0
0,0.0
0,0.0
0,0.0
1,0.3685100770171855
0,0.0
0,0.0
0,0.0
0,0.009562209121879937
0,0.0
0,0.0
0,0.0
0,0.2106224215918237
0,0.0
0,0.0
0,0.0
0,0.17321981471653292
0,0.0
0,0.0
0,0.0
0,0.14291849283558783
0,0.0
0,0.0
0,0.0
0,0.0
0,0.07761692187843844
0,0.0
0,0.0
0,0.0
0,0.0
0,0.39346618456991533
0,0.0
0,0.0
0,0.0
0,0.0
0,0.0
0,0.0
0,0.0
0,0.0
0,0.0
0,0.0
0,0.0
0,0.0
0,0.0
0,0.0
0,0.0
0,0.0
0,0.0
0,0.0
0,0.0
0,0.0
0,0.0
0,0.0
0,0.0
1,0.716610826707192
0,0.0
0,0.0
0,0.0
0,0.0
0,0.0
0,0.0
0,0.007708620740262409
0,0.07228186811426712
0,0.0
0,0.02266075707977891
0,0.0
0,0.007765739082009063
0,0.004853030853665292
0,0.0
0,0.0
0,0.0
0,0.0
0,0.0
0,0.0
0,0.0
0,0.0
0,0.0
0,0.0
0,0.0
0,0.0
0,0.0
0,0.0
0,0.0
0,0.0
0,0.33697292127842554
0,0.0
0,0.0
0,0.0
0,0.024193548387096774
0,0.0
0,0.0
0,0.0
0,0.0073056153442262696
0,0.0
0,0.0
0,0.0
0,0.0
0,0.04981673511264639
0,0.0
0,0.0
0,0.02624650959448612
0,0.0
0,0.0
0,0.0
0,0.0
0,0.0
0,0.0
0,0.004898395023734254
0,0.0
0,0.0
0,0.0
0,0.0
0,0.06348513550879918
0,0.0
0,0.0
0,0.0
0,0.0
0,0.0
0,0.0
0,0.0
0,0.0
0,0.0
0,0.0
0,0.2604962706788385
0,0.0
0,0.0
0,0.0
0,0.0
0,0.0
0,0.0
0,0.0
0,0.0
0,0.0
0,0.0
0,0.0
0,0.0
0,0.0
0,0.0
0,0.0
0,0.0
0,0.03225806451612903
0,0.0
0,0.0
0,0.0
0,0.0
0,0.0
0,0.0
0,0.0
0,0.0
0,0.0
0,0.009152908045129193
0,0.0
0,0.0
0,0.0
0,0.0
0,0.0
0,0.0
0,0.0
0,0.0
0,0.0
0,0.0
0,0.021461013939836435
0,0.0
0,0.008064516129032258
0,0.0
0,0.0
0,0.0
0,0.0
0,0.07904866333782318
0,0.0
0,0.0
1,0.8768917461764804
0,0.008064516129032258
0,0.0
0,0.03754485290234168
0,0.0
0,0.0
0,0.0
0,0.007280241357961948
0,0.0
0,0.0
0,0.0
0,0.05861774449785837
0,0.0
0,0.0
0,0.0
0,0.0
0,0.0
0,0.0
0,0.30469433698310083
0,0.006691471125712888
0,0.0
0,0.138020761385473
0,0.0
0,0.0
0,0.0
0,0.16093214830302688
0,0.0
0,0.0
0,0.0
0,0.009514617129806889
0,0.0
0,0.17115628430396762
0,0.0
0,0.03650410929536307
0,0.0
1,0.7805259336428721
1,0.692400491043072
0,0.0
0,0.0
0,0.0
0,0.0
0,0.0
0,0.0
0,0.0
0,0.022624998844956157
0,0.01497967795997067
0,0.0
0,0.0
0,0.0
0,0.0
0,0.0
0,0.0
0,0.0
0,0.021388639748300357
0,0.0
0,0.0
0,0.0
0,0.0
0,0.11840603878112652
0,0.0
0,0.0
0,0.0
0,0.0
0,0.0
0,0.01510395155671373
0,0.006239951529743474
0,0.0
0,0.0
0,0.008064516129032258
0,0.03403361795607565
0,0.0
0,0.0
0,0.0
0,0.0
0,0.0
0,0.0
0,0.0
0,0.0
0,0.0
0,0.0
0,0.0
0,0.0
0,0.7062340727109814
0,0.0
0,0.0
0,0.0
0,0.0
0,0.0
0,0.0
0,0.007708620740262409
0,0.14572938212573544
0,0.007524149379970937
0,0.0
0,0.0
0,0.0
0,0.01913143132882627
0,0.0
0,0.006634988273239828
0,0.0
0,0.0
0,0.0
0,0.08529301042557869
0,0.0
0,0.0
0,0.0
0,0.0
0,0.0
0,0.007493913572732806
0,0.0
0,0.0
0,0.19258609091316425
0,0.0
0,0.0
0,0.05443077264302723
0,0.004164376611846283
0,0.05016577945495607
0,0.0
0,0.00728024135796195
1,0.8380247143274531
0,0.0
0,0.0
0,0.0
0,0.0
0,0.0
0,0.03885131247790221
0,0.0
0,0.0
0,0.0
0,0.0
0,0.0
0,0.0
0,0.0
0,0.0
0,0.0
0,0.0
0,0.0
0,0.0
0,0.050537533683269575
0,0.0
0,0.0
0,0.0
0,0.0
0,0.0
0,0.0
0,0.0043676443685590595
0,0.0
0,0.0
0,0.0
0,0.0
0,0.0
0,0.0
0,0.1599547215884098
0,0.045511112540346205
0,0.0
0,0.0
0,0.05259210162275151
0,0.0
0,0.0
0,0.0
0,0.0
0,0.0
0,0.09797635751859211
0,0.0
0,0.0
0,0.0
0,0.06793361681509234
0,0.0
0,0.0
0,0.0
0,0.0
0,0.0
0,0.0
0,0.0
0,0.0
0,0.0
0,0.0
0,0.0
0,0.13661943133965093
0,0.07642332652392533
0,0.2935657403337178
0,0.006593247961773181
0,0.04082956096383802
0,0.0
0,0.0
0,0.0228565601080475
0,0.0
0,0.0
0,0.0
0,0.0
0,0.0
0,0.0
0,0.2145838893574594
0,0.0
0,0.0
0,0.0
0,0.0
0,0.0
0,0.0
0,0.0
0,0.08466027006599128
0,0.0
0,0.0
0,0.0
0,0.007712182900093955
1,0.9351199286595865
0,0.0
0,0.07634246470789603
0,0.0
0,0.0
0,0.0054597900280655585
0,0.0
0,0.01566965730646398
0,0.0063278600528609875
0,0.014988862098224358
0,0.0
0,0.0
0,0.009209361779730146
0,0.0
0,0.007823710198751782
0,0.0
0,0.0
0,0.0
0,0.0
0,0.0
0,0.0
0,0.15710080313680005
0,0.0
0,0.0
0,0.03382688692930714
0,0.0
0,0.0
0,0.0
0,0.0
0,0.0
0,0.0
0,0.2788547885913802
0,0.0
0,0.0
0,0.0
0,0.0
0,0.0035984364154458826
0,0.0
0,0.0
0,0.0
0,0.0
0,0.0
0,0.0
0,0.0
0,0.0
0,0.0
0,0.0
0,0.0
0,0.0
0,0.0
0,0.0
0,0.0035984364154458826
0,0.0
0,0.0
0,0.0
0,0.0
0,0.0455644858900187
0,0.0
0,0.0
0,0.0
0,0.0
0,0.0
0,0.0
0,0.0
0,0.0
0,0.0
0,0.0
0,0.0
0,0.0
0,0.0
0,0.01935132362008639
0,0.0
0,0.0
0,0.0
0,0.0
0,0.008064516129032258
0,0.0
0,0.0
0,0.07484267900174292
0,0.0
0,0.0
0,0.0
0,0.013446763881471634
0,0.0
0,0.0
0,0.0
0,0.0
0,0.0
0,0.0
0,0.0
0,0.0
0,0.0
0,0.04604569536966677
0,0.0
0,0.0
0,0.0
0,0.0
0,0.0
0,0.0
0,0.0
0,0.0
0,0.019421260977045083
0,0.0
0,0.0
0,0.0
0,0.0
0,0.0
0,0.0
0,0.0
0,0.0
0,0.0
0,0.006024729780880685
0,0.0
0,0.0
0,0.0
0,0.0
0,0.0
0,0.10121766439376197
0,0.008064516129032258
1,0.618727740895457
0,0.0
0,0.0
0,0.17050774454402182
0,0.0
0,0.0
0,0.0
0,0.0
0,0.0
0,0.0
0,0.0
0,0.0036144951405312057
0,0.0
0,0.0
0,0.0
0,0.0
0,0.2835978571263948
0,0.0
0,0.0
0,0.0
0,0.037307280764715636
0,0.0
0,0.0
0,0.0
0,0.0
0,0.0
0,0.0
0,0.0
0,0.0
0,0.0
0,0.0
0,0.0
0,0.1001582415787326
0,0.0
0,0.031596253716244714
0,0.0
0,0.0
0,0.0
0,0.0
0,0.0
0,0.0
0,0.064729919978158
0,0.0
0,0.0
0,0.0
0,0.0
0,0.15271576137675044
0,0.0
0,0.0
0,0.0
0,0.003275592548091917
0,0.0
0,0.0
0,0.0036144951405312057
0,0.0
0,0.0
0,0.0
0,0.0035897348277747435
0,0.0
0,0.0
0,0.03148515032345252
0,0.03513705593770236
0,0.0
0,0.053182792898115505
0,0.0
0,0.0
0,0.0
0,0.0
0,0.0
0,0.0
0,0.0
0,0.0
0,0.0
0,0.0
0,0.0
0,0.0
0,0.0
0,0.0
0,0.0
0,0.0
0,0.004282236327275894
0,0.0
0,0.006585325087748622
0,0.0
0,0.0
0,0.020942225393186336
0,0.004282236327275894
0,0.0
0,0.026199296174239117
0,0.0
0,0.0
0,0.0
0,0.0
0,0.005488381489098995
0,0.0
0,0.0
0,0.0
0,0.0
0,0.0
0,0.0
0,0.0
0,0.0
0,0.0
0,0.013971712483674839
0,0.0
0,0.0
0,0.0
0,0.0
0,0.0
0,0.0
0,0.012086414983325728
0,0.0
0,0.0
0,0.0
0,0.0
0,0.0
0,0.0
0,0.0
0,0.0
0,0.0
0,0.0
0,0.0
0,0.0
0,0.09726596414938962
0,0.0
0,0.010872460753336323
0,0.0
0,0.17088915374842925
0,0.3116896195029051
0,0.007670990093982336
0,0.0
0,0.0
0,0.0
0,0.0
0,0.0
0,0.006807371790717868
0,0.009562209121879937
0,0.0
0,0.0
0,0.0
0,0.0
0,0.0
0,0.07830495670227954
0,0.0
0,0.0
0,0.0
0,0.018833437928498446
0,0.0
0,0.0
0,0.0
0,0.0
0,0.0
0,0.0
0,0.008064516129032258
0,0.008064516129032258
0,0.0043676443685590595
0,0.2449137182457012
0,0.0
0,0.0
0,0.0
0,0.0
0,0.0
0,0.0
0,0.0
0,0.0
0,0.0
0,0.0
0,0.006763441575582508
0,0.0
0,0.0
0,0.0
0,0.0
0,0.04614876976738856
0,0.0
0,0.0
0,0.0
0,0.0
0,0.0
0,0.0
0,0.09975304297204296
0,0.0
0,0.0
0,0.0
0,0.15298135080645162
0,0.0
0,0.008064516129032258
0,0.0
0,0.0
0,0.0
0,0.0
0,0.014537353173683988
0,0.0
1,0.3749925234371651
0,0.0
0,0.0
0,0.0
0,0.0
0,0.0
0,0.1012427710655925
0,0.0
0,0.0
0,0.0
0,0.0
0,0.0
0,0.0
0,0.0
0,0.003012007890571839
0,0.06416984911883034
0,0.0
0,0.0
0,0.15238031032301627
0,0.0
0,0.013841618455528518
0,0.0
0,0.0
0,0.0
0,0.0
0,0.0
0,0.0
0,0.0
0,0.0
0,0.0
0,0.0
0,0.0
0,0.005517273978214518
0,0.0
0,0.0
0,0.02067207815778381
0,0.0
0,0.0
0,0.27673456440781796
1,0.4075121162011584
0,0.0
0,0.0
0,0.012729789851332197
0,0.015773136869294668
0,0.0
0,0.0
0,0.0
0,0.0
0,0.0
0,0.23258512022287753
0,0.0
0,0.18477800581772888
0,0.02654266351913485
0,0.0
0,0.0
0,0.0
0,0.0
0,0.0
0,0.009152908045129193
0,0.0
0,0.0
0,0.04893155715152247
0,0.0
0,0.0
0,0.05809502854133134
0,0.0
0,0.0
0,0.004005935283881364
0,0.0
0,0.0
0,0.0
0,0.004164376611846283
0,0.01427977653373445
0,0.0
0,0.0
0,0.0
0,0.0
0,0.0
0,0.0
0,0.0
0,0.0
0,0.0
0,0.0
0,0.0
0,0.0
0,0.0
0,0.009562209121879937
0,0.0
0,0.0
0,0.01237057992099397
0,0.0
0,0.0
0,0.0
0,0.0
0,0.01172195519685136
0,0.0
0,0.0
0,0.0
0,0.0
0,0.0
0,0.0
0,0.004164376611846283
0,0.0
0,0.0
0,0.0
0,0.0
0,0.0
0,0.12638926643534434
0,0.0
0,0.0
0,0.0
0,0.0
0,0.0
0,0.19963544121935473
0,0.0
0,0.0
0,0.0
0,0.0
0,0.0
0,0.00800293555243491
0,0.0
0,0.0
0,0.0
0,0.0
0,0.0
0,0.0
0,0.025694662980827145
0,0.0
0,0.0
0,0.0
0,0.0
0,0.0
0,0.0
0,0.0
0,0.0
0,0.0
0,0.0
0,0.0
0,0.0
0,0.0
0,0.007230018513802757
0,0.0
1,0.667050674402664
0,0.0
0,0.0
0,0.05779012755886833
0,0.0
0,0.0
0,0.0
0,0.0
0,0.0
0,0.6269932476553606
0,0.0
0,0.0
0,0.0
0,0.0
0,0.012059858502968073
1,0.8082588048688647
0,0.0
0,0.0
0,0.0054597900280655585
0,0.0
0,0.0
0,0.0
0,0.0
0,0.0
0,0.0
0,0.004282236327275894
0,0.0
0,0.0
0,0.0
0,0.0
0,0.0
0,0.0
0,0.0
0,0.0
0,0.0
0,0.015447325883758523
0,0.0
0,0.0
0,0.0
0,0.0
0,0.0035897348277747435
0,0.0
0,0.0
0,0.0
0,0.008064516129032258
0,0.0
0,0.0
0,0.003012007890571839
0,0.0
0,0.0
0,0.006593247961773181
0,0.0
0,0.0
0,0.0
0,0.0
0,0.0
0,0.0
0,0.0
0,0.0
0,0.0
0,0.013254748294683441
0,0.0
0,0.0
0,0.009562209121879937
0,0.0
0,0.0
0,0.006634988273239828
0,0.0
0,0.0
0,0.0
0,0.0
0,0.0
0,0.01172195519685136
0,0.0
0,0.0
0,0.0
0,0.005331240528252872
0,0.07673785503053257
0,0.0
1,0.6514659700614217
0,0.0
0,0.0
0,0.0
0,0.0
0,0.0
0,0.0
0,0.0
0,0.0
0,0.0
0,0.0
0,0.007488309540555438
0,0.0
0,0.2229225437130068
0,0.0
0,0.0
0,0.0
0,0.0
0,0.0
0,0.05152184047837806
0,0.0
0,0.0
0,0.0
0,0.0
0,0.0
0,0.0
0,0.04551575092664568
0,0.0
0,0.0
0,0.004005935283881364
1,0.7902282898553076
0,0.0
0,0.0
0,0.0
0,0.0
0,0.0
0,0.0
0,0.1923349717734675
0,0.0
0,0.0063278600528609875
0,0.0
0,0.008991396466748803
0,0.0
0,0.0
0,0.0
0,0.0
0,0.016594698518555096
0,0.0
0,0.0
0,0.0
0,0.0
0,0.0
0,0.007670990093982336
0,0.0
0,0.0
0,0.0
0,0.0
0,0.0
0,0.0
0,0.0
0,0.023725900463308924
0,0.0
0,0.0
1,0.7243155223571914
0,0.0
0,0.0
0,0.14344133986144564
0,0.0
0,0.0
0,0.0
0,0.0
0,0.0
0,0.0
0,0.0
0,0.0
0,0.0
0,0.0
0,0.09774761673355062
0,0.0
0,0.0
0,0.0
0,0.08442170145269273
0,0.08064516129032258
0,0.0
0,0.0
1,0.9653516104090277
0,0.0
0,0.00680737179071787
0,0.13649898984657444
0,0.0
0,0.0
0,0.0
0,0.0
1,0.9745497774889453
0,0.0
0,0.0
0,0.0
0,0.0
0,0.24056495144411794
0,0.0
0,0.1641608219389187
0,0.13538017623265894
0,0.0
0,0.005697225415970672
0,0.0
0,0.0
0,0.0
0,0.006026971462137161
0,0.0
0,0.0
0,0.0
0,0.003012007890571839
0,0.0
0,0.0
1,0.8987657291103471
0,0.13442983428119887
0,0.0
0,0.0
0,0.0
0,0.0
0,0.0
0,0.0
0,0.0
0,0.0
0,0.0
0,0.0
0,0.0
0,0.0
0,0.0
0,0.0
0,0.0
0,0.0
0,0.0
0,0.0
0,0.0
0,0.0
0,0.0
0,0.0
0,0.012333580449213706
0,0.07744625458557737
0,0.004898395023734254
0,0.0
0,0.0
0,0.0048530308536652985
0,0.0
0,0.0
0,0.0
0,0.0
0,0.004898395023734254
0,0.0
0,0.0
0,0.0036144951405312057
0,0.0
0,0.0
0,0.0
0,0.0
1,0.4032258064516129
0,0.0
0,0.003275592548091917
0,0.011214499394185189
0,0.01184198247765682
0,0.0494106807305808
0,0.0
0,0.08780197293279766
0,0.005697225415970674
0,0.0
0,0.0
1,0.5138036577554905
0,0.0
0,0.014515992530980277
0,0.0
0,0.0
0,0.0
0,0.0
0,0.0
0,0.0
0,0.0
0,0.0
0,0.0
0,0.0
0,0.026872254284709886
0,0.0
0,0.0
0,0.0
0,0.0
0,0.0
0,0.0
0,0.007382809754726265
0,0.0
0,0.0
0,0.09272938656329313
0,0.0
0,0.0
0,0.0
0,0.0
0,0.0922513983417844
0,0.0
0,0.0
0,0.0
0,0.0
0,0.0
0,0.0
0,0.0
0,0.682986618459176
0,0.0
1,0.09526170695806203
0,0.0
0,0.0
0,0.0
0,0.08468659199014457
0,0.0
0,0.0
0,0.0
0,0.11022329709809638
0,0.0
0,0.0
0,0.0
0,0.0
0,0.004282236327275894
0,0.0
0,0.0
0,0.0
0,0.0
0,0.21958244579603697
0,0.0
0,0.0
0,0.0
0,0.0
0,0.0
0,0.0
0,0.0
0,0.0
0,0.0
0,0.0
0,0.0
0,0.02010299596826447
0,0.0
0,0.004898395023734254
0,0.44080222424202087
0,0.0
0,0.0
1,0.5700552625122859
0,0.18951628917344548
0,0.0
0,0.0
0,0.0
0,0.0
0,0.0
0,0.0
0,0.0
0,0.0
0,0.0
0,0.0
0,0.0
0,0.0
0,0.0
0,0.0
0,0.0
0,0.010358185051799812
0,0.00593376923163823
0,0.0
0,0.0
0,0.5706037116062874
0,0.0
1,0.2173704081781885
0,0.0
0,0.0
0,0.0
0,0.0
0,0.0
0,0.0
0,0.0
0,0.0
0,0.0
0,0.01035317640335725
0,0.0
0,0.0
0,0.0
0,0.0
0,0.04665044069802228
0,0.0
0,0.0
0,0.0
0,0.0
0,0.0
0,0.0
0,0.0
0,0.0
0,0.0
0,0.0
0,0.0
0,0.2560707903045735
1,0.9086214366316828
0,0.0
0,0.0
0,0.0
0,0.023837652998326925
0,0.0
0,0.4554162802272027
0,0.0
0,0.0
0,0.0
0,0.046843526425913794
0,0.0
0,0.0
0,0.0
0,0.007083423238752834
0,0.0
0,0.0
0,0.0
0,0.0
0,0.0
